-- phpMyAdmin SQL Dump
-- version 4.8.0.1
-- https://www.phpmyadmin.net/
--
-- Host: 127.0.0.1
-- Generation Time: Jul 28, 2019 at 02:54 PM
-- Server version: 10.1.32-MariaDB
-- PHP Version: 5.6.36

SET SQL_MODE = "NO_AUTO_VALUE_ON_ZERO";
SET AUTOCOMMIT = 0;
START TRANSACTION;
SET time_zone = "+00:00";


/*!40101 SET @OLD_CHARACTER_SET_CLIENT=@@CHARACTER_SET_CLIENT */;
/*!40101 SET @OLD_CHARACTER_SET_RESULTS=@@CHARACTER_SET_RESULTS */;
/*!40101 SET @OLD_COLLATION_CONNECTION=@@COLLATION_CONNECTION */;
/*!40101 SET NAMES utf8mb4 */;

--
-- Database: `db_spakar`
--

-- --------------------------------------------------------

--
-- Table structure for table `admin`
--

CREATE TABLE `admin` (
  `id_admin` tinyint(4) NOT NULL,
  `username` varchar(30) NOT NULL,
  `password` varchar(100) NOT NULL,
  `nama` varchar(30) NOT NULL,
  `jk` enum('laki-laki','perempuan') NOT NULL,
  `level` enum('admin','pakar') NOT NULL,
  `poto` text NOT NULL
) ENGINE=InnoDB DEFAULT CHARSET=latin1;

--
-- Dumping data for table `admin`
--

INSERT INTO `admin` (`id_admin`, `username`, `password`, `nama`, `jk`, `level`, `poto`) VALUES
(1, 'admin', '$2y$10$ctF3Bj.GLnoe.AiT5T..Ae4DIjRy13LaqcAkElkqVnfCwxZGILxEy', 'lela siti nuraminah', 'perempuan', 'admin', 'ariel.jpg'),
(2, 'pakar', '$2y$10$lMmOFX.neyxBrsoRTQzNPOoXITPCXEvFMr5QIUofOcNIXdIL03CC.', 'indriyani', 'perempuan', 'pakar', 'tatum.jpg');

-- --------------------------------------------------------

--
-- Table structure for table `detail_diagnosa`
--

CREATE TABLE `detail_diagnosa` (
  `id_detail_diagnosa` int(11) NOT NULL,
  `id_diagnosa` int(11) NOT NULL,
  `id_gejala` int(11) NOT NULL
) ENGINE=InnoDB DEFAULT CHARSET=latin1;

--
-- Dumping data for table `detail_diagnosa`
--

INSERT INTO `detail_diagnosa` (`id_detail_diagnosa`, `id_diagnosa`, `id_gejala`) VALUES
(85, 14, 2),
(86, 14, 5),
(87, 14, 15),
(88, 14, 14),
(89, 14, 16),
(90, 14, 17),
(91, 14, 4),
(92, 15, 2),
(93, 15, 5),
(94, 16, 2),
(95, 16, 5),
(96, 17, 2),
(97, 17, 5),
(98, 18, 2),
(99, 18, 5),
(100, 19, 2),
(101, 19, 5),
(102, 19, 15),
(103, 19, 14),
(104, 19, 16),
(105, 19, 17),
(106, 19, 4),
(107, 20, 2),
(108, 20, 5),
(109, 20, 15),
(110, 20, 14),
(111, 20, 16),
(112, 20, 17),
(113, 20, 4),
(114, 21, 2),
(115, 21, 5),
(116, 21, 15),
(117, 21, 14),
(118, 21, 16),
(119, 21, 17),
(120, 21, 4),
(121, 22, 2),
(122, 22, 5),
(123, 22, 15),
(124, 22, 39),
(125, 23, 2),
(126, 23, 5),
(127, 23, 15),
(128, 23, 14),
(129, 24, 2),
(130, 24, 5),
(131, 24, 15),
(132, 24, 14),
(133, 24, 16),
(134, 25, 2),
(135, 25, 5),
(136, 25, 15),
(137, 25, 39),
(138, 26, 2),
(139, 26, 5),
(140, 26, 15),
(141, 26, 14),
(142, 27, 2),
(143, 27, 5),
(144, 27, 15),
(145, 27, 14),
(146, 27, 16),
(147, 28, 2),
(148, 28, 5),
(149, 28, 15),
(150, 28, 14),
(151, 28, 16),
(152, 28, 17),
(153, 28, 4),
(154, 29, 2),
(155, 29, 5),
(156, 29, 15),
(157, 29, 14),
(158, 29, 16),
(159, 30, 2),
(160, 30, 5),
(161, 30, 15),
(162, 30, 14),
(163, 30, 16),
(164, 30, 17),
(165, 30, 4),
(166, 31, 2),
(167, 31, 5),
(168, 31, 15),
(169, 31, 14),
(170, 31, 16),
(171, 31, 17),
(172, 31, 4),
(173, 32, 2),
(174, 32, 5),
(175, 32, 15),
(176, 32, 14),
(177, 32, 16),
(178, 32, 17),
(179, 32, 4),
(180, 33, 2),
(181, 33, 5),
(182, 33, 15),
(183, 33, 14),
(184, 33, 16),
(185, 33, 17),
(186, 33, 4),
(187, 34, 2),
(188, 34, 5),
(189, 34, 15),
(190, 34, 14),
(191, 34, 16),
(192, 35, 2),
(193, 35, 5),
(194, 35, 15),
(195, 35, 14),
(196, 35, 16),
(197, 36, 2),
(198, 36, 5),
(199, 36, 15),
(200, 36, 14),
(201, 36, 16),
(202, 36, 17),
(203, 36, 4),
(204, 37, 2),
(205, 37, 5),
(206, 37, 15),
(207, 37, 14),
(208, 37, 16),
(209, 37, 17),
(210, 37, 4),
(211, 38, 2),
(212, 38, 5),
(213, 38, 15),
(214, 38, 14),
(215, 38, 16),
(216, 39, 2),
(217, 39, 5),
(218, 39, 15),
(219, 39, 14),
(220, 40, 2),
(221, 40, 5),
(222, 40, 15),
(223, 40, 14),
(224, 41, 2),
(225, 41, 5),
(226, 41, 15),
(227, 41, 14),
(228, 42, 2),
(229, 42, 5),
(230, 42, 15),
(231, 42, 14),
(232, 43, 2),
(233, 43, 5),
(234, 43, 15),
(235, 43, 14),
(236, 44, 2),
(237, 44, 21),
(238, 45, 2),
(239, 45, 5),
(240, 45, 15),
(241, 45, 14),
(242, 46, 2),
(243, 47, 2),
(244, 47, 5),
(245, 47, 15),
(246, 47, 14),
(247, 48, 2),
(248, 48, 5),
(249, 48, 15),
(250, 48, 14),
(251, 48, 16),
(252, 49, 2),
(253, 49, 5),
(254, 49, 15),
(255, 49, 14),
(256, 49, 16),
(257, 49, 17),
(258, 49, 4),
(259, 50, 2),
(260, 50, 5),
(261, 50, 15),
(262, 50, 14),
(263, 51, 2),
(264, 51, 5),
(265, 51, 15),
(266, 51, 14),
(267, 51, 16),
(268, 52, 2),
(269, 52, 5),
(270, 52, 15),
(271, 52, 14),
(272, 53, 2),
(273, 53, 5),
(274, 53, 15),
(275, 53, 14),
(276, 54, 2),
(277, 54, 5),
(278, 54, 15),
(279, 54, 14),
(280, 54, 16),
(281, 55, 2),
(282, 55, 5),
(283, 56, 2),
(284, 56, 5),
(285, 56, 15),
(286, 56, 14),
(287, 57, 2),
(288, 57, 5),
(289, 57, 15),
(290, 57, 39),
(291, 57, 38),
(292, 58, 2),
(293, 58, 5),
(294, 58, 15),
(295, 58, 39),
(296, 59, 2),
(297, 59, 5),
(298, 59, 15),
(299, 59, 39),
(300, 60, 2),
(301, 60, 5),
(302, 60, 15),
(303, 60, 39),
(304, 60, 6),
(305, 60, 7),
(306, 60, 8),
(307, 60, 2),
(308, 61, 2),
(309, 61, 5),
(310, 61, 15),
(311, 61, 39),
(312, 61, 38),
(313, 62, 2),
(314, 62, 5),
(315, 62, 15),
(316, 62, 39),
(317, 62, 38),
(318, 62, 40),
(319, 63, 2),
(320, 63, 5),
(321, 63, 10),
(322, 63, 33),
(323, 63, 46),
(324, 63, 1),
(325, 63, 3),
(326, 63, 4),
(327, 64, 2),
(328, 64, 5),
(329, 64, 10),
(330, 64, 33),
(331, 64, 46),
(332, 64, 1),
(333, 64, 3),
(334, 64, 4),
(335, 65, 2),
(336, 65, 5),
(337, 65, 10),
(338, 65, 33),
(339, 65, 46),
(340, 65, 1),
(341, 66, 2),
(342, 66, 5),
(343, 66, 10),
(344, 66, 33),
(345, 66, 46),
(346, 66, 1),
(347, 67, 2),
(348, 67, 5),
(349, 67, 15),
(350, 67, 39),
(351, 67, 38),
(352, 67, 40),
(353, 68, 2),
(354, 68, 5),
(355, 68, 15),
(356, 68, 14),
(357, 68, 16),
(358, 68, 17),
(359, 69, 2),
(360, 69, 5),
(361, 69, 15),
(362, 69, 14),
(363, 69, 16),
(364, 69, 17),
(365, 70, 2),
(366, 70, 5),
(367, 70, 15),
(368, 70, 14),
(369, 70, 16),
(370, 70, 17),
(371, 71, 2),
(372, 71, 5),
(373, 71, 15),
(374, 71, 14),
(375, 71, 16),
(376, 71, 17),
(377, 72, 2),
(378, 72, 5),
(379, 72, 15),
(380, 72, 14),
(381, 72, 16),
(382, 72, 17),
(383, 73, 2),
(384, 73, 5),
(385, 73, 15),
(386, 73, 39),
(387, 73, 38),
(388, 73, 40),
(389, 74, 2),
(390, 74, 5),
(391, 74, 15),
(392, 74, 39),
(393, 74, 6),
(394, 74, 7),
(395, 74, 8),
(396, 75, 2),
(397, 75, 5),
(398, 75, 15),
(399, 75, 39),
(400, 75, 38),
(401, 75, 40),
(402, 76, 2),
(403, 76, 5),
(404, 76, 15),
(405, 76, 39),
(406, 77, 2),
(407, 77, 5),
(408, 77, 15),
(409, 77, 39),
(410, 77, 6),
(411, 77, 7),
(412, 77, 8),
(413, 78, 2),
(414, 78, 5),
(415, 78, 15),
(416, 78, 39),
(417, 78, 6),
(418, 78, 7),
(419, 78, 8),
(420, 79, 2),
(421, 79, 5),
(422, 79, 15),
(423, 79, 39),
(424, 79, 6),
(425, 80, 2),
(426, 80, 5),
(427, 80, 10),
(428, 80, 9),
(429, 80, 11),
(430, 80, 12),
(431, 80, 13),
(432, 81, 2),
(433, 81, 5),
(434, 81, 10),
(435, 81, 9),
(436, 81, 11),
(437, 81, 12),
(438, 81, 13),
(439, 82, 2),
(440, 82, 5),
(441, 82, 10),
(442, 82, 9),
(443, 82, 11),
(444, 82, 12),
(445, 82, 13),
(446, 83, 2),
(447, 83, 5),
(448, 83, 10),
(449, 83, 9),
(450, 83, 11),
(451, 83, 12),
(452, 83, 13),
(453, 84, 2),
(454, 84, 5),
(455, 84, 10),
(456, 84, 33),
(457, 84, 37),
(458, 84, 6),
(459, 84, 34),
(460, 84, 35),
(461, 84, 36),
(462, 85, 2),
(463, 85, 5),
(464, 85, 10),
(465, 85, 33),
(466, 85, 37),
(467, 85, 6),
(468, 85, 34),
(469, 85, 35),
(470, 85, 36),
(471, 86, 2),
(472, 86, 5),
(473, 86, 10),
(474, 86, 33),
(475, 86, 46),
(476, 86, 45),
(477, 86, 47),
(478, 86, 48),
(479, 87, 2),
(480, 87, 5),
(481, 87, 10),
(482, 87, 33),
(483, 87, 46),
(484, 87, 1),
(485, 87, 3),
(486, 87, 4),
(487, 88, 2),
(488, 88, 5),
(489, 88, 10),
(490, 88, 33),
(491, 88, 46),
(492, 88, 1),
(493, 88, 62),
(494, 88, 63),
(495, 88, 64),
(496, 88, 65),
(497, 88, 66),
(498, 89, 2),
(499, 89, 5),
(500, 89, 10),
(501, 89, 33),
(502, 89, 46),
(503, 89, 1),
(504, 89, 62),
(505, 89, 63),
(506, 89, 64),
(507, 89, 65),
(508, 89, 66),
(509, 90, 2),
(510, 90, 21),
(511, 90, 22),
(512, 90, 5),
(513, 90, 18),
(514, 90, 19),
(515, 90, 20),
(516, 91, 2),
(517, 91, 21),
(518, 91, 22),
(519, 91, 5),
(520, 91, 18),
(521, 91, 19),
(522, 91, 20),
(523, 92, 2),
(524, 92, 21),
(525, 92, 26),
(526, 92, 27),
(527, 92, 28),
(528, 93, 2),
(529, 93, 21),
(530, 93, 26),
(531, 93, 29),
(532, 93, 30),
(533, 93, 31),
(534, 93, 32),
(535, 94, 2),
(536, 94, 21),
(537, 94, 26),
(538, 94, 27),
(539, 94, 28),
(540, 95, 2),
(541, 95, 21),
(542, 95, 26),
(543, 95, 29),
(544, 95, 30),
(545, 95, 31),
(546, 95, 32),
(547, 96, 2),
(548, 96, 21),
(549, 96, 26),
(550, 96, 29),
(551, 96, 30),
(552, 96, 31),
(553, 96, 32),
(554, 97, 2),
(555, 98, 2),
(556, 98, 21),
(557, 98, 26),
(558, 98, 29),
(559, 98, 30),
(560, 98, 31),
(561, 98, 32),
(562, 99, 2),
(563, 99, 21),
(564, 99, 26),
(565, 99, 29),
(566, 99, 41),
(567, 99, 17),
(568, 99, 5),
(569, 99, 6),
(570, 99, 13),
(571, 99, 33),
(572, 99, 49),
(573, 99, 50),
(574, 99, 51),
(575, 99, 52),
(576, 99, 53),
(577, 99, 54),
(578, 99, 55),
(579, 100, 2),
(580, 100, 21),
(581, 100, 26),
(582, 100, 29),
(583, 100, 41),
(584, 100, 17),
(585, 100, 5),
(586, 100, 6),
(587, 100, 13),
(588, 100, 33),
(589, 100, 49),
(590, 100, 50),
(591, 100, 51),
(592, 100, 52),
(593, 100, 53),
(594, 100, 54),
(595, 100, 55),
(596, 101, 2),
(597, 101, 21),
(598, 101, 26),
(599, 101, 29),
(600, 101, 41),
(601, 101, 17),
(602, 101, 5),
(603, 101, 6),
(604, 101, 13),
(605, 101, 33),
(606, 101, 49),
(607, 101, 50),
(608, 101, 51),
(609, 101, 52),
(610, 101, 53),
(611, 101, 54),
(612, 101, 55),
(613, 102, 2),
(614, 102, 21),
(615, 102, 26),
(616, 102, 29),
(617, 102, 41),
(618, 102, 17),
(619, 102, 5),
(620, 102, 6),
(621, 102, 13),
(622, 102, 33),
(623, 102, 49),
(624, 102, 50),
(625, 102, 51),
(626, 102, 52),
(627, 102, 53),
(628, 102, 54),
(629, 102, 55),
(630, 103, 2),
(631, 103, 21),
(632, 103, 26),
(633, 103, 29),
(634, 103, 41),
(635, 103, 17),
(636, 103, 5),
(637, 103, 11),
(638, 103, 30),
(639, 103, 56),
(640, 103, 57),
(641, 103, 58),
(642, 103, 59),
(643, 103, 60),
(644, 103, 61),
(645, 104, 2),
(646, 104, 5),
(647, 104, 15),
(648, 105, 2),
(649, 105, 5),
(650, 105, 15),
(651, 106, 2),
(652, 106, 5),
(653, 106, 15),
(654, 107, 2),
(655, 107, 5),
(656, 107, 15),
(657, 107, 39),
(658, 107, 38),
(659, 108, 2),
(660, 108, 5),
(661, 108, 15),
(662, 108, 39),
(663, 108, 6),
(664, 108, 7),
(665, 108, 8),
(666, 109, 2),
(667, 109, 5),
(668, 109, 15),
(669, 109, 39),
(670, 109, 6),
(671, 109, 7),
(672, 109, 8),
(673, 110, 2),
(674, 110, 5),
(675, 110, 15),
(676, 110, 39),
(677, 110, 6),
(678, 110, 7),
(679, 110, 8),
(680, 111, 2),
(681, 111, 5),
(682, 111, 15),
(683, 111, 14),
(684, 112, 2),
(685, 112, 5),
(686, 112, 15),
(687, 112, 14),
(688, 113, 2),
(689, 113, 21),
(690, 113, 22),
(691, 114, 2),
(692, 114, 21),
(693, 114, 22),
(694, 115, 2),
(695, 115, 21),
(696, 115, 22),
(697, 116, 2),
(698, 116, 5),
(699, 116, 10),
(700, 116, 9),
(701, 117, 2),
(702, 117, 21),
(703, 117, 22),
(704, 117, 5),
(705, 117, 10),
(706, 119, 2),
(707, 119, 5),
(708, 119, 15),
(709, 119, 39),
(710, 119, 6),
(711, 120, 2),
(712, 120, 5),
(713, 120, 15),
(714, 121, 2),
(715, 121, 5),
(716, 121, 15),
(717, 122, 2),
(718, 122, 5),
(719, 122, 15),
(720, 122, 14),
(721, 123, 2),
(722, 123, 5),
(723, 123, 15),
(724, 123, 14),
(725, 124, 2),
(726, 124, 5),
(727, 124, 15),
(728, 124, 14),
(729, 125, 2),
(730, 125, 5),
(731, 125, 15),
(732, 125, 14),
(733, 126, 2),
(734, 126, 21),
(735, 126, 22),
(736, 127, 2),
(737, 127, 21),
(738, 127, 22),
(739, 128, 2),
(740, 128, 21),
(741, 128, 22),
(742, 129, 2),
(743, 129, 5),
(744, 129, 15),
(745, 129, 14),
(746, 130, 2),
(747, 130, 5),
(748, 130, 15),
(749, 130, 39),
(750, 130, 38),
(751, 130, 40),
(752, 131, 2),
(753, 131, 5),
(754, 131, 10),
(755, 131, 9),
(756, 132, 2),
(757, 133, 2),
(758, 134, 2),
(759, 135, 2),
(760, 135, 5),
(761, 135, 15),
(762, 135, 14),
(763, 136, 2),
(764, 136, 5),
(765, 136, 15),
(766, 137, 2),
(767, 137, 5),
(768, 137, 15),
(769, 138, 2),
(770, 138, 5),
(771, 138, 15),
(772, 139, 2),
(773, 139, 5),
(774, 139, 15),
(775, 140, 2),
(776, 140, 5),
(777, 140, 15),
(778, 140, 14),
(779, 141, 2),
(780, 141, 5),
(781, 141, 15),
(782, 141, 14),
(783, 142, 2),
(784, 142, 5),
(785, 142, 15),
(786, 142, 14),
(787, 143, 2),
(788, 143, 5),
(789, 143, 15),
(790, 143, 14),
(791, 143, 16),
(792, 144, 2),
(793, 144, 21),
(794, 144, 26),
(795, 144, 27),
(796, 144, 28),
(797, 145, 2),
(798, 145, 21),
(799, 145, 26),
(800, 145, 29),
(801, 145, 30),
(802, 145, 31),
(803, 145, 32),
(804, 146, 2),
(805, 146, 5),
(806, 146, 15),
(807, 147, 2),
(808, 147, 5),
(809, 147, 15),
(810, 148, 2),
(811, 148, 5),
(812, 148, 15),
(813, 149, 2),
(814, 149, 5),
(815, 149, 15),
(816, 151, 2),
(817, 151, 5),
(818, 151, 15),
(819, 151, 14),
(820, 151, 16),
(821, 151, 17),
(822, 152, 2),
(823, 152, 5),
(824, 152, 15),
(825, 152, 14),
(826, 153, 2),
(827, 153, 5),
(828, 153, 15),
(829, 153, 14),
(830, 153, 16),
(831, 153, 17),
(832, 155, 2),
(833, 155, 5),
(834, 155, 15),
(835, 155, 14),
(836, 156, 2),
(837, 156, 5),
(838, 156, 15),
(839, 156, 14),
(840, 157, 2),
(841, 157, 5),
(842, 157, 15),
(843, 157, 14),
(844, 158, 2),
(845, 158, 5),
(846, 158, 15),
(847, 160, 2),
(848, 160, 5),
(849, 160, 15),
(850, 161, 2),
(851, 161, 5),
(852, 161, 15),
(853, 162, 2),
(854, 162, 5),
(855, 162, 15),
(856, 163, 2),
(857, 163, 5),
(858, 163, 15),
(859, 164, 2),
(860, 164, 5),
(861, 164, 15),
(862, 165, 2),
(863, 165, 5),
(864, 165, 15),
(865, 166, 2),
(866, 166, 5),
(867, 166, 15),
(868, 166, 14),
(869, 167, 2),
(870, 167, 5),
(871, 167, 10),
(872, 167, 9),
(873, 168, 2),
(874, 168, 5),
(875, 168, 10),
(876, 168, 9),
(877, 168, 11),
(878, 169, 2),
(879, 169, 5),
(880, 169, 10),
(881, 169, 9),
(882, 170, 2),
(883, 170, 5),
(884, 170, 10),
(885, 170, 33),
(886, 170, 37),
(887, 170, 6),
(888, 171, 2),
(889, 171, 21),
(890, 171, 26),
(891, 171, 27),
(892, 171, 28),
(893, 172, 2),
(894, 172, 21),
(895, 172, 22),
(896, 172, 5),
(897, 173, 2),
(898, 173, 21),
(899, 173, 22),
(900, 173, 5),
(901, 174, 2),
(902, 174, 21),
(903, 174, 26),
(904, 174, 29),
(905, 174, 30),
(906, 174, 31),
(907, 174, 32),
(908, 175, 2),
(909, 175, 21),
(910, 175, 26),
(911, 175, 29),
(912, 175, 41),
(913, 175, 42),
(914, 175, 43),
(915, 175, 44),
(916, 176, 2),
(917, 176, 5),
(918, 176, 10),
(919, 177, 2),
(920, 177, 5),
(921, 177, 15),
(922, 177, 39),
(923, 178, 2),
(924, 178, 5),
(925, 178, 15),
(926, 179, 2),
(927, 179, 5),
(928, 179, 15),
(929, 179, 14),
(930, 180, 2),
(931, 180, 5),
(932, 180, 15),
(933, 180, 14),
(934, 180, 16),
(935, 181, 2),
(936, 181, 5),
(937, 181, 15),
(938, 181, 14),
(939, 182, 2),
(940, 182, 5),
(941, 182, 15),
(942, 183, 2),
(943, 183, 5),
(944, 183, 15),
(945, 184, 2),
(946, 184, 5),
(947, 184, 15),
(948, 184, 14),
(949, 185, 2),
(950, 185, 5),
(951, 185, 15),
(952, 185, 14),
(953, 185, 16),
(954, 185, 17),
(955, 186, 2),
(956, 186, 5),
(957, 186, 15),
(958, 186, 14),
(959, 187, 2),
(960, 187, 5),
(961, 187, 15),
(962, 187, 14),
(963, 188, 2),
(964, 189, 2),
(965, 189, 5),
(966, 189, 15),
(967, 189, 14),
(968, 190, 2),
(969, 190, 5),
(970, 191, 2),
(971, 191, 5),
(972, 192, 2),
(973, 192, 5),
(974, 192, 15),
(975, 192, 14),
(976, 193, 2),
(977, 193, 5),
(978, 193, 15),
(979, 193, 14),
(980, 194, 2),
(981, 194, 5),
(982, 194, 15),
(983, 194, 14),
(984, 194, 16),
(985, 194, 17),
(986, 195, 2),
(987, 195, 5),
(988, 195, 15),
(989, 195, 14),
(990, 196, 2),
(991, 196, 5),
(992, 196, 15),
(993, 196, 14),
(994, 197, 2),
(995, 197, 5),
(996, 197, 15),
(997, 197, 14),
(998, 197, 16),
(999, 197, 17),
(1000, 198, 2),
(1001, 198, 5),
(1002, 198, 15),
(1003, 198, 14),
(1004, 198, 16),
(1005, 198, 17),
(1006, 199, 2),
(1007, 199, 5),
(1008, 199, 15),
(1009, 199, 14),
(1010, 200, 2),
(1011, 200, 5),
(1012, 200, 15),
(1013, 200, 14),
(1014, 201, 2),
(1015, 201, 5),
(1016, 201, 15),
(1017, 201, 14),
(1018, 202, 2),
(1019, 202, 5),
(1020, 202, 15),
(1021, 202, 14),
(1022, 203, 2),
(1023, 203, 5),
(1024, 203, 15),
(1025, 203, 14),
(1026, 204, 2),
(1027, 204, 5),
(1028, 204, 15),
(1029, 204, 14),
(1030, 205, 2),
(1031, 205, 5),
(1032, 205, 15),
(1033, 206, 2),
(1034, 206, 5),
(1035, 206, 15),
(1036, 207, 2),
(1037, 207, 21),
(1038, 207, 26),
(1039, 208, 2),
(1040, 208, 5),
(1041, 208, 15),
(1042, 208, 14),
(1043, 208, 16),
(1044, 208, 17),
(1045, 209, 2),
(1046, 209, 5),
(1047, 209, 15),
(1048, 209, 39),
(1049, 210, 2),
(1050, 210, 5),
(1051, 210, 15),
(1052, 211, 2),
(1053, 211, 5),
(1054, 211, 15),
(1055, 211, 14),
(1056, 212, 2),
(1057, 212, 5),
(1058, 212, 15),
(1059, 212, 14),
(1060, 212, 16),
(1061, 212, 17),
(1062, 213, 2),
(1063, 213, 5),
(1064, 213, 15),
(1065, 213, 14),
(1066, 213, 16),
(1067, 213, 17),
(1068, 213, 4),
(1069, 214, 2),
(1070, 214, 5),
(1071, 214, 15),
(1072, 214, 14),
(1073, 214, 16),
(1074, 214, 17),
(1075, 214, 4),
(1076, 215, 2),
(1077, 215, 5),
(1078, 215, 15),
(1079, 215, 14),
(1080, 216, 2),
(1081, 216, 5),
(1082, 216, 15),
(1083, 216, 14),
(1084, 217, 2),
(1085, 217, 5),
(1086, 217, 15),
(1087, 218, 2),
(1088, 218, 5),
(1089, 219, 2),
(1090, 219, 5),
(1091, 219, 15),
(1092, 219, 14),
(1093, 220, 2),
(1094, 220, 5),
(1095, 220, 15),
(1096, 220, 14),
(1097, 220, 16),
(1098, 220, 17),
(1099, 220, 4),
(1100, 221, 2),
(1101, 221, 5),
(1102, 221, 15),
(1103, 221, 14),
(1104, 221, 16),
(1105, 222, 2),
(1106, 222, 5),
(1107, 222, 15),
(1108, 222, 14),
(1109, 222, 16),
(1110, 222, 17),
(1111, 223, 2),
(1112, 223, 5),
(1113, 223, 15),
(1114, 223, 14),
(1115, 224, 2),
(1116, 224, 5),
(1117, 224, 15),
(1118, 224, 14),
(1119, 224, 16),
(1120, 224, 17),
(1121, 225, 2),
(1122, 225, 5),
(1123, 225, 15),
(1124, 225, 14),
(1125, 225, 16),
(1126, 225, 17),
(1127, 226, 2),
(1128, 226, 5),
(1129, 226, 15),
(1130, 226, 14),
(1131, 226, 16),
(1132, 226, 17),
(1133, 227, 2),
(1134, 228, 2),
(1135, 228, 5),
(1136, 228, 15),
(1137, 229, 2),
(1138, 229, 5),
(1139, 229, 15),
(1140, 229, 14),
(1141, 230, 2),
(1142, 230, 5),
(1143, 230, 15),
(1144, 230, 14),
(1145, 231, 2),
(1146, 231, 5),
(1147, 231, 15),
(1148, 231, 14),
(1149, 232, 2),
(1150, 232, 5),
(1151, 232, 15),
(1152, 233, 2),
(1153, 233, 5),
(1154, 233, 15),
(1155, 233, 14),
(1156, 234, 2),
(1157, 234, 5),
(1158, 234, 15),
(1159, 235, 2),
(1160, 235, 5),
(1161, 235, 15),
(1162, 235, 14),
(1163, 235, 16),
(1164, 235, 17),
(1165, 236, 2),
(1166, 236, 5),
(1167, 236, 15),
(1168, 237, 2),
(1169, 237, 5),
(1170, 237, 15),
(1171, 237, 14),
(1172, 238, 2),
(1173, 238, 5),
(1174, 238, 15),
(1175, 238, 14),
(1176, 238, 16),
(1177, 238, 17),
(1178, 239, 2),
(1179, 239, 5),
(1180, 239, 15),
(1181, 239, 14),
(1182, 239, 16),
(1183, 239, 17),
(1184, 240, 2),
(1185, 240, 5),
(1186, 240, 15),
(1187, 240, 39),
(1188, 240, 38),
(1189, 240, 40),
(1190, 241, 2),
(1191, 241, 5),
(1192, 241, 15),
(1193, 242, 2),
(1194, 242, 5),
(1195, 242, 15),
(1196, 243, 2),
(1197, 243, 5),
(1198, 244, 2),
(1199, 244, 5),
(1200, 244, 15),
(1201, 244, 14),
(1202, 245, 2),
(1203, 245, 5),
(1204, 245, 15);

-- --------------------------------------------------------

--
-- Table structure for table `diagnosa`
--

CREATE TABLE `diagnosa` (
  `id_diagnosa` int(11) NOT NULL,
  `id_user` int(11) NOT NULL,
  `id_kelinci` int(11) NOT NULL,
  `tgl_diagnosa` date NOT NULL,
  `id_penyakit` int(11) NOT NULL,
  `posterior` float NOT NULL,
  `cftotal` float NOT NULL
) ENGINE=InnoDB DEFAULT CHARSET=latin1;

--
-- Dumping data for table `diagnosa`
--

INSERT INTO `diagnosa` (`id_diagnosa`, `id_user`, `id_kelinci`, `tgl_diagnosa`, `id_penyakit`, `posterior`, `cftotal`) VALUES
(14, 1, 14, '2019-04-02', 4, 0.091, 2.924),
(15, 2, 15, '2019-07-20', 1, 0.015, 0),
(16, 3, 16, '2019-07-20', 1, 0.015, 0),
(17, 1, 17, '2019-07-20', 1, 0.015, 0),
(18, 1, 18, '2019-07-20', 1, 0.015, 0),
(19, 1, 19, '2019-07-20', 4, 0.091, 2.924),
(20, 1, 20, '2019-07-20', 4, 0.091, 2.924),
(21, 1, 21, '2019-07-20', 4, 0.091, 1.723),
(22, 1, 22, '2019-07-20', 4, 0.046, 0.333),
(23, 1, 23, '2019-07-20', 4, 0.046, 0.333),
(24, 1, 24, '2019-07-20', 4, 0.061, 0.611),
(25, 1, 25, '2019-07-20', 4, 0.046, 0.333),
(26, 1, 26, '2019-07-20', 4, 0.046, 0.333),
(27, 1, 27, '2019-07-20', 4, 0.061, 0.444),
(28, 1, 28, '2019-07-20', 4, 0.091, 0.556),
(29, 1, 29, '2019-07-20', 4, 0.061, 0.611),
(30, 1, 30, '2019-07-20', 4, 0.091, 1.723),
(31, 1, 31, '2019-07-20', 4, 0.091, 0.556),
(32, 1, 32, '2019-07-20', 4, 0.091, 0.555),
(33, 1, 33, '2019-07-20', 4, 0.091, 0.555),
(34, 1, 34, '2019-07-20', 4, 0.061, 0.444),
(35, 1, 35, '2019-07-20', 4, 0.061, 0.4),
(36, 1, 36, '2019-07-20', 4, 0.091, 0.6),
(37, 1, 37, '2019-07-20', 4, 0.091, 0.6),
(38, 1, 38, '2019-07-20', 4, 0.061, 0.4),
(39, 1, 39, '2019-07-20', 4, 0.046, 0.3),
(40, 1, 40, '2019-07-20', 4, 0.046, 0.3),
(41, 4, 41, '2019-07-20', 4, 0.046, 0.3),
(42, 1, 42, '2019-07-20', 4, 0.046, 0.3),
(43, 1, 43, '2019-07-20', 4, 0.046, 0.3),
(44, 5, 44, '2019-07-20', 0, 0, 0),
(45, 6, 45, '2019-07-20', 4, 0.046, 0.3),
(46, 7, 46, '2019-07-20', 0, 0, 0),
(47, 8, 47, '2019-07-20', 4, 0.046, 0.3),
(48, 9, 48, '2019-07-20', 4, 0.061, 0.4),
(49, 10, 49, '2019-07-20', 4, 0.091, 0.6),
(50, 11, 50, '2019-07-20', 4, 0.046, 0.3),
(51, 12, 51, '2019-07-20', 4, 0.061, 0.4),
(52, 13, 52, '2019-07-20', 4, 0.046, 0.3),
(53, 14, 53, '2019-07-20', 4, 0.046, 0.4),
(54, 15, 54, '2019-07-20', 4, 0.061, 0.6),
(55, 16, 55, '2019-07-20', 1, 0.015, 0),
(56, 17, 56, '2019-07-20', 4, 0.046, 0.4),
(57, 18, 57, '2019-07-20', 4, 0.046, 0.3),
(58, 19, 58, '2019-07-20', 4, 0.046, 0.3),
(59, 20, 59, '2019-07-20', 4, 0.046, 0.3),
(60, 21, 60, '2019-07-20', 2, 0.076, 0.8),
(61, 22, 61, '2019-07-20', 4, 0.046, 0.3),
(62, 23, 62, '2019-07-20', 10, 0.061, 0.7),
(63, 24, 63, '2019-07-20', 1, 0.046, 0.8),
(64, 25, 64, '2019-07-20', 1, 0.046, 0.8),
(65, 26, 65, '2019-07-20', 3, 0.046, 0.3),
(66, 27, 66, '2019-07-20', 3, 0.046, 0.3),
(67, 28, 67, '2019-07-20', 10, 0.061, 0.7),
(68, 1, 68, '2019-07-20', 4, 0.076, 1.3),
(69, 1, 69, '2019-07-20', 4, 0.076, 1.3),
(70, 29, 70, '2019-07-20', 4, 0.076, 1.3),
(71, 1, 71, '2019-07-20', 4, 0.076, 1.1),
(72, 1, 72, '2019-07-20', 4, 0.076, 0.9),
(73, 1, 73, '2019-07-20', 10, 0.061, 1.1),
(74, 1, 74, '2019-07-20', 2, 0.061, 1.1),
(75, 1, 75, '2019-07-20', 10, 0.061, 0.8),
(76, 1, 76, '2019-07-20', 4, 0.046, 0.5),
(77, 1, 77, '2019-07-20', 2, 0.061, 1.1),
(78, 1, 78, '2019-07-20', 2, 0.061, 0.8),
(79, 1, 79, '2019-07-22', 4, 0.046, 0.5),
(80, 1, 80, '2019-07-22', 3, 0.076, 1.3),
(81, 1, 81, '2019-07-22', 3, 0.076, 1.3),
(82, 1, 82, '2019-07-22', 3, 0.076, 1.2),
(83, 1, 83, '2019-07-22', 3, 0.076, 0.9),
(84, 1, 84, '2019-07-22', 9, 0.091, 1.6),
(85, 1, 85, '2019-07-22', 9, 0.091, 0.9),
(86, 1, 86, '2019-07-22', 12, 0.061, 0.9),
(87, 1, 87, '2019-07-22', 1, 0.046, 0.8),
(88, 1, 88, '2019-07-22', 15, 0.076, 1),
(89, 1, 89, '2019-07-22', 15, 0.076, 1),
(90, 1, 90, '2019-07-22', 5, 0.076, 1.1),
(91, 1, 91, '2019-07-22', 5, 0.076, 0.7),
(92, 1, 92, '2019-07-22', 7, 0.03, 0.7),
(93, 1, 93, '2019-07-22', 8, 0.046, 0.6),
(94, 1, 94, '2019-07-22', 7, 0.03, 0.6),
(95, 1, 95, '2019-07-22', 8, 0.046, 0.7),
(96, 1, 96, '2019-07-22', 8, 0.046, 0.7),
(97, 1, 97, '2019-07-22', 0, 0, 0),
(98, 1, 98, '2019-07-22', 8, 0.046, 0.8),
(99, 1, 99, '2019-07-22', 13, 0.136, 1.8),
(100, 1, 100, '2019-07-22', 13, 0.152, 1.3),
(101, 1, 101, '2019-07-22', 13, 0.152, 1.3),
(102, 1, 102, '2019-07-22', 13, 0.152, 0.8),
(103, 1, 103, '2019-07-22', 14, 0.106, 0.9),
(104, 1, 104, '2019-07-22', 2, 0.03, 0),
(105, 1, 105, '2019-07-22', 2, 0.03, 0),
(106, 30, 106, '2019-07-22', 2, 0.03, 0),
(107, 1, 107, '2019-07-22', 0, 0, 0),
(108, 1, 108, '2019-07-22', 2, 0.061, 0.8),
(109, 1, 109, '2019-07-22', 2, 0.061, 0.8),
(110, 31, 110, '2019-07-22', 2, 0.061, 0.8),
(111, 32, 111, '2019-07-22', 4, 0.046, 0.7),
(112, 1, 112, '2019-07-22', 4, 0.046, 0.7),
(113, 1, 113, '2019-07-22', 1, 0.015, 0),
(114, 1, 114, '2019-07-22', 1, 0.015, 0),
(115, 1, 115, '2019-07-22', 1, 0.015, 0),
(116, 1, 116, '2019-07-22', 2, 0.03, 0),
(117, 1, 117, '2019-07-22', 5, 0.046, 0.751),
(118, 1, 118, '2019-07-22', 0, 0, 0),
(119, 1, 119, '2019-07-22', 4, 0.046, 0.5),
(120, 1, 120, '2019-07-22', 2, 0.03, 0),
(121, 1, 121, '2019-07-22', 2, 0.03, 0),
(122, 1, 122, '2019-07-22', 4, 0.046, 0.5),
(123, 1, 123, '2019-07-22', 4, 0.046, 0.7),
(124, 1, 124, '2019-07-22', 4, 0.046, 0.7),
(125, 33, 125, '2019-07-22', 4, 0.046, 0.7),
(126, 34, 126, '2019-07-22', 1, 0.015, 0),
(127, 35, 127, '2019-07-22', 1, 0.015, 0),
(128, 1, 128, '2019-07-22', 1, 0.015, 0),
(129, 36, 129, '2019-07-22', 4, 0.046, 0.7),
(130, 1, 130, '2019-07-22', 10, 0.061, 0.8),
(131, 1, 131, '2019-07-22', 2, 0.03, 0),
(132, 1, 132, '2019-07-22', 0, 0, 0),
(133, 1, 133, '2019-07-22', 0, 0, 0),
(134, 37, 134, '2019-07-22', 0, 0, 0),
(135, 1, 135, '2019-07-22', 4, 0.046, 0.7),
(136, 1, 136, '2019-07-22', 2, 0.03, 0),
(137, 1, 137, '2019-07-22', 2, 0.03, 0),
(138, 38, 138, '2019-07-22', 2, 0.03, 0),
(139, 1, 139, '2019-07-22', 2, 0.03, 0),
(140, 39, 140, '2019-07-22', 4, 0.046, 0.7),
(141, 40, 141, '2019-07-22', 4, 0.046, 0.7),
(142, 41, 142, '2019-07-22', 4, 0.046, 0.7),
(143, 42, 143, '2019-07-22', 4, 0.061, 0.9),
(144, 43, 144, '2019-07-22', 7, 0.03, 0.6),
(145, 44, 145, '2019-07-22', 8, 0.046, 0.8),
(146, 45, 146, '2019-07-22', 2, 0.03, 0),
(147, 1, 147, '2019-07-22', 2, 0.03, 0),
(148, 1, 148, '2019-07-22', 2, 0.03, 0),
(149, 1, 149, '2019-07-22', 2, 0.03, 0),
(150, 1, 150, '2019-07-22', 0, 0, 0),
(151, 1, 151, '2019-07-22', 4, 0.076, 1),
(152, 1, 152, '2019-07-22', 4, 0.046, 0.7),
(153, 1, 153, '2019-07-22', 4, 0.076, 1),
(154, 1, 154, '2019-07-22', 0, 0, 0),
(155, 1, 155, '2019-07-22', 4, 0.046, 0.7),
(156, 1, 156, '2019-07-22', 4, 0.046, 0.7),
(157, 1, 157, '2019-07-22', 4, 0.046, 0.7),
(158, 1, 158, '2019-07-22', 2, 0.03, 0),
(159, 1, 159, '2019-07-22', 0, 0, 0),
(160, 1, 160, '2019-07-22', 2, 0.03, 0),
(161, 1, 161, '2019-07-22', 0, 0, 0),
(162, 1, 162, '2019-07-22', 2, 0.03, 0),
(163, 1, 163, '2019-07-22', 2, 0.03, 0),
(164, 1, 164, '2019-07-22', 0, 0, 0),
(165, 1, 165, '2019-07-22', 2, 0.03, 0),
(166, 1, 166, '2019-07-22', 4, 0.046, 0.7),
(167, 1, 167, '2019-07-22', 2, 0.03, 0),
(168, 1, 168, '2019-07-22', 3, 0.046, 0.7),
(169, 1, 169, '2019-07-22', 2, 0.03, 0),
(170, 1, 170, '2019-07-22', 9, 0.045, 0.3),
(171, 1, 171, '2019-07-22', 7, 0.03, 0.6),
(172, 1, 172, '2019-07-22', 5, 0.03, 0.6),
(173, 1, 173, '2019-07-22', 5, 0.03, 0.6),
(174, 1, 174, '2019-07-22', 8, 0.046, 0.8),
(175, 1, 175, '2019-07-22', 11, 0.046, 0.8),
(176, 1, 176, '2019-07-22', 0, 0, 0),
(177, 1, 177, '2019-07-22', 4, 0.046, 0.5),
(178, 1, 178, '2019-07-22', 2, 0.03, 0),
(179, 1, 179, '2019-07-22', 0, 0, 0),
(180, 1, 180, '2019-07-22', 4, 0.061, 1.167),
(181, 1, 181, '2019-07-22', 4, 0.046, 0.5),
(182, 1, 182, '2019-07-22', 0, 0, 0),
(183, 46, 183, '2019-07-22', 2, 0.03, 0),
(184, 47, 184, '2019-07-22', 4, 0.046, 0.7),
(185, 48, 185, '2019-07-22', 4, 0.076, 1),
(186, 49, 186, '2019-07-22', 4, 0.046, 0.7),
(187, 50, 187, '2019-07-22', 4, 0.046, 0.7),
(188, 51, 188, '2019-07-22', 0, 0, 0),
(189, 52, 189, '2019-07-22', 4, 0.046, 0.5),
(190, 53, 190, '2019-07-22', 0, 0, 0),
(191, 54, 191, '2019-07-22', 0, 0, 0),
(192, 55, 192, '2019-07-22', 4, 0.046, 0.5),
(193, 56, 193, '2019-07-22', 4, 0.046, 0.5),
(194, 57, 194, '2019-07-22', 4, 0.076, 0.86),
(195, 58, 195, '2019-07-22', 4, 0.046, 0.5),
(196, 59, 196, '2019-07-22', 4, 0.046, 0.5),
(197, 60, 197, '2019-07-22', 4, 0.076, 0.9),
(198, 61, 198, '2019-07-22', 4, 0.076, 0.9),
(199, 62, 199, '2019-07-22', 4, 0.046, 0.5),
(200, 63, 200, '2019-07-22', 4, 0.046, 0.5),
(201, 64, 201, '2019-07-22', 4, 0.046, 0.5),
(202, 65, 202, '2019-07-22', 4, 0.046, 0.5),
(203, 66, 203, '2019-07-22', 4, 0.046, 0.5),
(204, 67, 204, '2019-07-22', 4, 0.046, 0.5),
(205, 68, 205, '2019-07-22', 2, 0.03, 0),
(206, 1, 206, '2019-07-26', 2, 0.03, 0),
(207, 1, 207, '2019-07-26', 1, 0.015, 0),
(208, 1, 208, '2019-07-26', 4, 0.076, 0.9),
(209, 1, 209, '2019-07-26', 4, 0.046, 0.5),
(210, 69, 210, '2019-07-27', 2, 0.03, 0),
(211, 70, 211, '2019-07-27', 4, 0.046, 0.5),
(212, 71, 212, '2019-07-27', 4, 0.076, 0.9),
(213, 1, 213, '2019-07-27', 4, 0.091, 2.806),
(214, 1, 214, '2019-07-27', 4, 0.091, 2.806),
(215, 1, 215, '2019-07-27', 4, 0.046, 0.5),
(216, 72, 216, '2019-07-27', 4, 0.046, 0.5),
(217, 1, 217, '2019-07-27', 2, 0.03, 0),
(218, 1, 218, '2019-07-27', 0, 0, 0),
(219, 1, 219, '2019-07-27', 4, 0.046, 0.5),
(220, 1, 220, '2019-07-27', 4, 0.091, 2.806),
(221, 1, 221, '2019-07-27', 4, 0.061, 1.167),
(222, 73, 222, '2019-07-27', 4, 0.076, 0.9),
(223, 74, 223, '2019-07-27', 0, 0, 0),
(224, 75, 224, '2019-07-27', 4, 0.076, 0.9),
(225, 76, 225, '2019-07-27', 4, 0.076, 0.9),
(226, 77, 226, '2019-07-27', 4, 0.076, 1),
(227, 78, 227, '2019-07-27', 0, 0, 0),
(228, 79, 228, '2019-07-27', 2, 0.03, 0),
(229, 80, 229, '2019-07-27', 4, 0.046, 0.7),
(230, 81, 230, '2019-07-27', 4, 0.046, 0.3),
(231, 82, 231, '2019-07-27', 0, 0, 0),
(232, 83, 232, '2019-07-27', 2, 0.03, 0),
(233, 84, 233, '2019-07-27', 4, 0.061, 0.7),
(234, 85, 234, '2019-07-27', 4, 0.046, 0.5),
(235, 86, 235, '2019-07-27', 4, 0.091, 1),
(236, 87, 236, '2019-07-27', 4, 0.046, 0.5),
(237, 88, 237, '2019-07-27', 4, 0.061, 0.7),
(238, 89, 238, '2019-07-27', 4, 0.091, 1),
(239, 90, 239, '2019-07-27', 4, 0.091, 1),
(240, 91, 240, '2019-07-27', 10, 0.076, 0.8),
(241, 1, 241, '2019-07-28', 4, 0.046, 0.5),
(242, 92, 242, '2019-07-28', 4, 0.046, 0.5),
(243, 1, 243, '2019-07-28', 0, 0, 0),
(244, 1, 244, '2019-07-28', 4, 0.061, 0.7),
(245, 1, 245, '2019-07-28', 4, 0.046, 0.5);

-- --------------------------------------------------------

--
-- Table structure for table `gejala`
--

CREATE TABLE `gejala` (
  `id_gejala` int(11) NOT NULL,
  `nama_gejala` varchar(100) NOT NULL,
  `pertanyaan` varchar(255) NOT NULL,
  `evidence` float NOT NULL
) ENGINE=InnoDB DEFAULT CHARSET=latin1;

--
-- Dumping data for table `gejala`
--

INSERT INTO `gejala` (`id_gejala`, `nama_gejala`, `pertanyaan`, `evidence`) VALUES
(1, 'suhu badan induk panas', 'apakah suhu badan induk panas ?', 0.5),
(2, 'nafsu makan berkurang', 'apakah nafsu makannya berkurang ?', 0.4),
(3, 'puting susu bengkak dan keras', 'apakah puting susunya bengkak dan keras ?', 0.6),
(4, 'induk tak mau menyusui anaknya', 'apakah induk tidak mau menyusui anaknya ?', 0.7),
(5, 'berat badan turun', 'apakah berat badannya turun?', 0.4),
(6, 'badan lesu', 'apakah badannya lesu ?', 0.4),
(7, 'gigi berkerot menahan sakit', 'apakah giginya berkerok menahan sakit?', 0.6),
(8, 'berak mencret bercampur darah atau berlendir putih', 'apakah beraknya mencret bercampur darah atau berlendir putih?', 0.7),
(9, 'kepala sering diangkat tinggi-tinggi', 'apakah kepalanya sering diangkat tinggi-tinggi?', 0.5),
(10, 'mata dan telinga kebiru-biruan', 'apakah mata dan telinganya kebiru-biruan?', 0.6),
(11, 'sesak nafas', 'apakah kelincinya sesak nafas?', 0.6),
(12, 'lemas', 'apakah kelincinya sering lemas?', 0.4),
(13, 'kotorannya encer', 'apakah kotorannya encer?', 0.5),
(14, 'kulit kemerah-merahan', 'apakah kulitnya kemerah-merahan?', 0.6),
(15, 'badan penuh koreng', 'apakah badan kelinci penuh dengan koreng?', 0.7),
(16, 'bulu rontok', 'apakah bulunya selalu rontok?', 0.5),
(17, 'gatal - gatal', 'apakah kelincinya sering gatal-gatal?', 0.5),
(18, 'kepala sering digoyang-goyangkan dan digeleng-gelengkan', 'apakah kepalanya sering digoyang-goyangkan dan digeleng-gelengkan?', 0.4),
(19, 'daun telinga digaruk-garuk', 'apakah daun telinganya digaruk-garuk?', 0.5),
(20, 'kulit telinga kemerah-merahan', 'apakah kulit telinganya kemerah-merahan?', 0.5),
(21, 'cairan keluar dari lubang telinga', 'apakah cairannya keluar dari lubang telinga?', 0.5),
(22, 'gatal dan sakit pada telinga yang terserang', 'apakah kelincinya gatal dan sakit pada telinga yang terserang?', 0.7),
(23, 'terdapat bercak merah pada kulit', 'apakah kelincinya terdapat bercak merah pada kulit ?', 0.7),
(24, 'bulu menggumpal dan kusut', 'apakah bulu kelincinya menggumpal dan kusut?', 0.8),
(25, 'terdapat rontokan bulu yang menempel dan menutupi gumpalan bulu yang sudah ada', 'apakah terdapat rontokan bulunya yang menempel dan menutupi gumpalan bulu yang sudah ada?', 0.9),
(26, 'bulu patah', 'apakah bulunya patah?', 0.5),
(27, 'terdapat sisik merah dan keras', 'apakah terdapat sisik merah dan keras?', 0.6),
(28, 'kulit kepala tampak pecah-pecah', 'apakah kulit kepalanya tampak pecah-pecah ?', 0.7),
(29, 'kadang-kadang keluar cairan bernanah dari mata', 'apakah kelincinya kadang-kadang keluar cairan bernanah dari mata?', 0.5),
(30, 'radang berwarna merah pada kelopak mata atau selaput mata', 'apakah kelinci mengalami radang berwarna merah pada kelopak mata atau selaput mata?', 0.6),
(31, 'bulu sekitar mata basah', 'apakah bulu sekitar matanya basah?', 0.6),
(32, 'kelopak mata membengkak', 'apakah kelopak matanya membengkak ?', 0.7),
(33, 'badan kurus', 'apakah badannya kurus?', 0.4),
(34, 'kelinci terlihat pucat', 'apakah kelincinya terlihat pucat ?', 0.5),
(35, 'bulu kusam', 'apakah bulunya kusam?', 0.6),
(36, 'sering menggaruk-garuk bulu sekitar dubur', 'apakah sering menggaruk-garuk bulu disekitar dubur?', 0.7),
(37, 'diare', 'apakah kelincinya mengalami diare?', 0.6),
(38, 'suka makan bulu', 'apakah kelincinya suka makan bulu?', 0.5),
(39, 'kanibal', 'apakah kelincinya memiliki sifat kanibal?', 0.6),
(40, 'sulit hamil dan keguguran', 'apakah sulit hamil dan keguguran?', 0.7),
(41, 'tulang kaki lemah', 'apakah tulang kakinya lemah?', 0.5),
(42, 'tulang kaki bengkok berbentuk huruf O atau X', 'apakah tulang kakinya bengkok berbentuk huruf O atau X?', 0.6),
(43, 'tidak kuat menahan berat badan', 'apakah kelincinya tidak kuat menahan berat badan?', 0.6),
(44, 'sering makan tanah', 'apakah kelincinya sering makan tanah?', 0.7),
(45, 'hanya minum terus', 'apakah hanya minum terus?', 0.5),
(46, 'tidak aktif bermain', 'apakah kelincinya tidak aktif bermain?', 0.5),
(47, 'sering diam disalah satu sudut kandang', 'apakah kelincinya sering diam disalah satu sudut kandang?', 0.6),
(48, 'pandangan mata suram dan kadang seperti berkaca-kaca', 'apakah pandangannya mata suram dan kadang seperti berkaca-kaca?', 0.7),
(49, 'dehidrasi', 'apakah kelinci anda mengalami dehidrasi ?', 0.4),
(50, 'depresi atau stress', 'apakah kelincinya mengalami depresi dan stress?', 0.4),
(51, 'badan membungkuk', 'apakah badannya membungkuk?', 0.5),
(52, 'diare berdarah', 'apakah kelincinya mengalami diare berdarah?', 0.6),
(53, 'nafsu makan tidak menentu', 'apakah nafsu makannya tidak menentu?', 0.4),
(54, 'anus kotor', 'apakah anus kelinci terlihat kotor?', 0.5),
(55, 'suhu tubuh tidak menentu', 'apakah suhu tubuh kelinci tidak menentu ?', 0.4),
(56, 'air mata berlebihan', 'apakah kelnicinya mengerluarkan air mata berlebihan?', 0.4),
(57, 'batuk-batuk', 'apakah kelincinya mengalami batuk-batuk?', 0.4),
(58, 'bersin-bersin', 'apakah kelincinya mengalami bersin-bersin?', 0.4),
(59, 'kaki basah oleh cairan ingus', 'apakah kakinya basah oleh cairan ingus?', 0.5),
(60, 'keluar cairan keruh kental dari hidung', 'apakah keluar cairan keruh kental dari hidungnya?', 0.6),
(61, 'suhu tubuh naik', 'apakah suhu tubunya naik?', 0.4),
(62, 'air kencing berkurang banyak', 'apakah air kencingnya berkurang banyak?', 0.4),
(63, 'gelisah', 'apakah sering mengami gelisah?', 0.4),
(64, 'malas', 'apakah kelincinya malas?', 0.4),
(65, 'kotoran keras', 'apakah kotorannya keras?', 0.5),
(66, 'sulit buang kotoran', 'apakah sulit buang kotoran?', 0.7);

-- --------------------------------------------------------

--
-- Table structure for table `hasil_diagnosa`
--

CREATE TABLE `hasil_diagnosa` (
  `id_hasil_diagnosa` int(11) NOT NULL,
  `id_diagnosa` int(11) NOT NULL,
  `id_gejala` int(11) NOT NULL
) ENGINE=InnoDB DEFAULT CHARSET=latin1;

--
-- Dumping data for table `hasil_diagnosa`
--

INSERT INTO `hasil_diagnosa` (`id_hasil_diagnosa`, `id_diagnosa`, `id_gejala`) VALUES
(1, 14, 2),
(2, 14, 5),
(3, 14, 14),
(4, 14, 15),
(5, 14, 16),
(6, 14, 2),
(7, 15, 2),
(8, 16, 2),
(9, 17, 2),
(10, 18, 2),
(11, 19, 2),
(12, 19, 5),
(13, 19, 14),
(14, 19, 15),
(15, 19, 16),
(16, 19, 17),
(17, 20, 2),
(18, 20, 5),
(19, 20, 14),
(20, 20, 15),
(21, 20, 16),
(22, 20, 17),
(23, 21, 2),
(24, 21, 5),
(25, 21, 14),
(26, 21, 15),
(27, 21, 16),
(28, 21, 17),
(29, 22, 2),
(30, 22, 5),
(31, 22, 15),
(32, 23, 2),
(33, 23, 5),
(34, 23, 15),
(35, 24, 2),
(36, 24, 5),
(37, 24, 14),
(38, 24, 15),
(39, 25, 2),
(40, 25, 5),
(41, 25, 15),
(42, 26, 2),
(43, 26, 5),
(44, 26, 15),
(45, 27, 2),
(46, 27, 5),
(47, 27, 14),
(48, 27, 15),
(49, 28, 2),
(50, 28, 5),
(51, 28, 14),
(52, 28, 15),
(53, 28, 16),
(54, 28, 17),
(55, 29, 2),
(56, 29, 5),
(57, 29, 14),
(58, 29, 15),
(59, 30, 2),
(60, 30, 5),
(61, 30, 14),
(62, 30, 15),
(63, 30, 16),
(64, 30, 17),
(65, 31, 2),
(66, 31, 5),
(67, 31, 14),
(68, 31, 15),
(69, 31, 16),
(70, 31, 17),
(71, 32, 2),
(72, 32, 5),
(73, 32, 14),
(74, 32, 15),
(75, 32, 16),
(76, 32, 17),
(77, 33, 2),
(78, 33, 5),
(79, 33, 14),
(80, 33, 15),
(81, 33, 16),
(82, 33, 17),
(83, 34, 2),
(84, 34, 5),
(85, 34, 14),
(86, 34, 15),
(87, 35, 2),
(88, 35, 5),
(89, 35, 14),
(90, 35, 15),
(91, 36, 2),
(92, 36, 5),
(93, 36, 14),
(94, 36, 15),
(95, 36, 16),
(96, 36, 17),
(97, 37, 2),
(98, 37, 5),
(99, 37, 14),
(100, 37, 15),
(101, 37, 16),
(102, 37, 17),
(103, 38, 2),
(104, 38, 5),
(105, 38, 14),
(106, 38, 15),
(107, 39, 2),
(108, 39, 5),
(109, 39, 15),
(110, 40, 2),
(111, 40, 5),
(112, 40, 15),
(113, 41, 2),
(114, 41, 5),
(115, 41, 15),
(116, 42, 2),
(117, 42, 5),
(118, 42, 15),
(119, 43, 2),
(120, 43, 5),
(121, 43, 15),
(122, 45, 2),
(123, 45, 5),
(124, 45, 15),
(125, 47, 2),
(126, 47, 5),
(127, 47, 15),
(128, 48, 2),
(129, 48, 5),
(130, 48, 14),
(131, 48, 15),
(132, 49, 2),
(133, 49, 5),
(134, 49, 14),
(135, 49, 15),
(136, 49, 16),
(137, 49, 17),
(138, 50, 2),
(139, 50, 5),
(140, 50, 15),
(141, 51, 2),
(142, 51, 5),
(143, 51, 14),
(144, 51, 15),
(145, 52, 2),
(146, 52, 5),
(147, 52, 15),
(148, 53, 2),
(149, 53, 5),
(150, 53, 14),
(151, 53, 15),
(152, 54, 2),
(153, 54, 5),
(154, 54, 14),
(155, 54, 15),
(156, 54, 16),
(157, 55, 2),
(158, 56, 2),
(159, 56, 5),
(160, 56, 14),
(161, 56, 15),
(162, 57, 2),
(163, 57, 5),
(164, 57, 15),
(165, 58, 2),
(166, 58, 5),
(167, 58, 15),
(168, 59, 2),
(169, 59, 5),
(170, 59, 15),
(171, 60, 2),
(172, 60, 5),
(173, 60, 6),
(174, 60, 7),
(175, 60, 8),
(176, 61, 2),
(177, 61, 5),
(178, 61, 15),
(179, 62, 2),
(180, 62, 5),
(181, 62, 38),
(182, 62, 39),
(183, 62, 40),
(184, 63, 2),
(185, 63, 3),
(186, 63, 4),
(187, 63, 1),
(188, 64, 2),
(189, 64, 3),
(190, 64, 4),
(191, 64, 1),
(192, 65, 2),
(193, 65, 10),
(194, 65, 10),
(195, 66, 2),
(196, 66, 10),
(197, 66, 10),
(198, 67, 2),
(199, 67, 5),
(200, 67, 38),
(201, 67, 39),
(202, 67, 40),
(203, 68, 2),
(204, 68, 5),
(205, 68, 14),
(206, 68, 15),
(207, 68, 16),
(208, 68, 17),
(209, 69, 2),
(210, 69, 5),
(211, 69, 14),
(212, 69, 15),
(213, 69, 16),
(214, 69, 17),
(215, 70, 2),
(216, 70, 5),
(217, 70, 14),
(218, 70, 15),
(219, 70, 16),
(220, 70, 17),
(221, 71, 2),
(222, 71, 5),
(223, 71, 14),
(224, 71, 15),
(225, 71, 16),
(226, 71, 17),
(227, 72, 2),
(228, 72, 5),
(229, 72, 14),
(230, 72, 15),
(231, 72, 16),
(232, 72, 17),
(233, 73, 2),
(234, 73, 5),
(235, 73, 38),
(236, 73, 39),
(237, 73, 40),
(238, 74, 2),
(239, 74, 5),
(240, 74, 6),
(241, 74, 7),
(242, 74, 8),
(243, 75, 2),
(244, 75, 5),
(245, 75, 38),
(246, 75, 39),
(247, 75, 40),
(248, 76, 2),
(249, 76, 5),
(250, 76, 15),
(251, 77, 2),
(252, 77, 5),
(253, 77, 6),
(254, 77, 7),
(255, 77, 8),
(256, 78, 2),
(257, 78, 5),
(258, 78, 6),
(259, 78, 7),
(260, 78, 8),
(261, 79, 2),
(262, 79, 5),
(263, 79, 15),
(264, 80, 2),
(265, 80, 12),
(266, 80, 10),
(267, 80, 9),
(268, 80, 10),
(269, 80, 13),
(270, 81, 2),
(271, 81, 12),
(272, 81, 10),
(273, 81, 9),
(274, 81, 10),
(275, 81, 13),
(276, 82, 2),
(277, 82, 12),
(278, 82, 10),
(279, 82, 9),
(280, 82, 10),
(281, 82, 13),
(282, 83, 2),
(283, 83, 12),
(284, 83, 10),
(285, 83, 9),
(286, 83, 13),
(287, 83, 11),
(288, 84, 2),
(289, 84, 6),
(290, 84, 33),
(291, 84, 34),
(292, 84, 35),
(293, 84, 36),
(294, 84, 37),
(295, 85, 2),
(296, 85, 6),
(297, 85, 33),
(298, 85, 34),
(299, 85, 35),
(300, 85, 36),
(301, 85, 37),
(302, 86, 2),
(303, 86, 45),
(304, 86, 46),
(305, 86, 47),
(306, 86, 48),
(307, 87, 2),
(308, 87, 3),
(309, 87, 4),
(310, 87, 1),
(311, 88, 62),
(312, 88, 63),
(313, 88, 64),
(314, 88, 65),
(315, 88, 2),
(316, 88, 66),
(317, 89, 62),
(318, 89, 63),
(319, 89, 64),
(320, 89, 65),
(321, 89, 2),
(322, 89, 66),
(323, 90, 5),
(324, 90, 18),
(325, 90, 19),
(326, 90, 20),
(327, 90, 21),
(328, 90, 22),
(329, 91, 5),
(330, 91, 18),
(331, 91, 19),
(332, 91, 20),
(333, 91, 21),
(334, 91, 22),
(335, 92, 26),
(336, 92, 27),
(337, 92, 28),
(338, 93, 29),
(339, 93, 30),
(340, 93, 31),
(341, 93, 32),
(342, 94, 26),
(343, 94, 27),
(344, 94, 28),
(345, 95, 29),
(346, 95, 30),
(347, 95, 31),
(348, 95, 32),
(349, 96, 29),
(350, 96, 30),
(351, 96, 31),
(352, 96, 32),
(353, 98, 29),
(354, 98, 30),
(355, 98, 31),
(356, 98, 32),
(357, 99, 5),
(358, 99, 49),
(359, 99, 50),
(360, 99, 13),
(361, 99, 6),
(362, 99, 51),
(363, 99, 52),
(364, 99, 53),
(365, 99, 33),
(366, 100, 5),
(367, 100, 49),
(368, 100, 50),
(369, 100, 13),
(370, 100, 6),
(371, 100, 51),
(372, 100, 52),
(373, 100, 53),
(374, 100, 33),
(375, 100, 54),
(376, 100, 55),
(377, 101, 5),
(378, 101, 49),
(379, 101, 50),
(380, 101, 13),
(381, 101, 6),
(382, 101, 51),
(383, 101, 52),
(384, 101, 53),
(385, 101, 33),
(386, 101, 54),
(387, 101, 55),
(388, 102, 5),
(389, 102, 49),
(390, 102, 50),
(391, 102, 13),
(392, 102, 6),
(393, 102, 51),
(394, 102, 52),
(395, 102, 53),
(396, 102, 33),
(397, 102, 54),
(398, 102, 55),
(399, 103, 56),
(400, 103, 57),
(401, 103, 58),
(402, 103, 59),
(403, 103, 60),
(404, 103, 30),
(405, 103, 11),
(406, 103, 61),
(407, 104, 2),
(408, 104, 5),
(409, 105, 2),
(410, 105, 5),
(411, 106, 2),
(412, 106, 5),
(413, 108, 2),
(414, 108, 5),
(415, 108, 6),
(416, 108, 7),
(417, 108, 8),
(418, 109, 2),
(419, 109, 5),
(420, 109, 6),
(421, 109, 7),
(422, 109, 8),
(423, 110, 2),
(424, 110, 5),
(425, 110, 6),
(426, 110, 7),
(427, 110, 8),
(428, 111, 2),
(429, 111, 5),
(430, 111, 14),
(431, 111, 15),
(432, 112, 2),
(433, 112, 5),
(434, 112, 15),
(435, 112, 14),
(436, 113, 2),
(437, 114, 2),
(438, 115, 2),
(439, 116, 2),
(440, 116, 5),
(441, 117, 5),
(442, 117, 21),
(443, 117, 22),
(444, 119, 2),
(445, 119, 5),
(446, 119, 15),
(447, 120, 2),
(448, 120, 5),
(449, 121, 2),
(450, 121, 5),
(451, 122, 2),
(452, 122, 5),
(453, 122, 15),
(454, 123, 2),
(455, 123, 5),
(456, 123, 15),
(457, 123, 14),
(458, 124, 2),
(459, 124, 5),
(460, 124, 15),
(461, 124, 14),
(462, 125, 2),
(463, 125, 5),
(464, 125, 15),
(465, 125, 14),
(466, 126, 2),
(467, 127, 2),
(468, 128, 2),
(469, 129, 2),
(470, 129, 5),
(471, 129, 15),
(472, 129, 14),
(473, 130, 2),
(474, 130, 5),
(475, 130, 38),
(476, 130, 39),
(477, 130, 40),
(478, 131, 2),
(479, 131, 5),
(480, 135, 2),
(481, 135, 5),
(482, 135, 15),
(483, 135, 14),
(484, 136, 2),
(485, 136, 5),
(486, 137, 2),
(487, 137, 5),
(488, 138, 2),
(489, 138, 5),
(490, 139, 2),
(491, 139, 5),
(492, 140, 2),
(493, 140, 5),
(494, 140, 15),
(495, 140, 14),
(496, 141, 2),
(497, 141, 5),
(498, 141, 15),
(499, 141, 14),
(500, 142, 2),
(501, 142, 5),
(502, 142, 15),
(503, 142, 14),
(504, 143, 2),
(505, 143, 5),
(506, 143, 15),
(507, 143, 16),
(508, 143, 14),
(509, 144, 26),
(510, 144, 27),
(511, 144, 28),
(512, 145, 29),
(513, 145, 30),
(514, 145, 31),
(515, 145, 32),
(516, 146, 2),
(517, 146, 5),
(518, 147, 2),
(519, 147, 5),
(520, 148, 2),
(521, 148, 5),
(522, 149, 2),
(523, 149, 5),
(524, 151, 2),
(525, 151, 5),
(526, 151, 15),
(527, 151, 16),
(528, 151, 17),
(529, 151, 14),
(530, 152, 2),
(531, 152, 5),
(532, 152, 15),
(533, 152, 14),
(534, 153, 2),
(535, 153, 5),
(536, 153, 15),
(537, 153, 16),
(538, 153, 17),
(539, 153, 14),
(540, 155, 2),
(541, 155, 2),
(542, 155, 5),
(543, 155, 2),
(544, 155, 5),
(545, 155, 15),
(546, 155, 14),
(547, 155, 2),
(548, 155, 5),
(549, 155, 15),
(550, 155, 14),
(551, 156, 2),
(552, 156, 2),
(553, 156, 5),
(554, 156, 2),
(555, 156, 5),
(556, 156, 15),
(557, 156, 14),
(558, 156, 2),
(559, 156, 5),
(560, 156, 15),
(561, 156, 14),
(562, 157, 2),
(563, 157, 5),
(564, 157, 15),
(565, 157, 14),
(566, 158, 2),
(567, 158, 5),
(568, 160, 2),
(569, 160, 5),
(570, 162, 2),
(571, 162, 5),
(572, 163, 2),
(573, 163, 5),
(574, 165, 2),
(575, 165, 5),
(576, 166, 2),
(577, 166, 5),
(578, 166, 2),
(579, 166, 5),
(580, 166, 15),
(581, 166, 14),
(582, 167, 2),
(583, 167, 5),
(584, 168, 2),
(585, 168, 10),
(586, 168, 9),
(587, 168, 11),
(588, 169, 2),
(589, 169, 5),
(590, 170, 2),
(591, 170, 6),
(592, 170, 33),
(593, 170, 37),
(594, 171, 26),
(595, 171, 27),
(596, 171, 28),
(597, 172, 5),
(598, 172, 21),
(599, 172, 22),
(600, 173, 5),
(601, 173, 21),
(602, 173, 22),
(603, 174, 29),
(604, 174, 30),
(605, 174, 31),
(606, 174, 32),
(607, 175, 41),
(608, 175, 42),
(609, 175, 43),
(610, 175, 44),
(611, 177, 2),
(612, 177, 5),
(613, 177, 15),
(614, 178, 2),
(615, 178, 5),
(616, 180, 2),
(617, 180, 5),
(618, 180, 15),
(619, 180, 14),
(620, 181, 2),
(621, 181, 5),
(622, 181, 15),
(623, 183, 2),
(624, 183, 5),
(625, 184, 2),
(626, 184, 5),
(627, 184, 15),
(628, 184, 14),
(629, 185, 2),
(630, 185, 5),
(631, 185, 15),
(632, 185, 16),
(633, 185, 17),
(634, 185, 14),
(635, 186, 2),
(636, 186, 5),
(637, 186, 15),
(638, 186, 14),
(639, 187, 2),
(640, 187, 5),
(641, 187, 15),
(642, 187, 14),
(643, 189, 2),
(644, 189, 5),
(645, 189, 15),
(646, 192, 2),
(647, 192, 5),
(648, 192, 15),
(649, 193, 2),
(650, 193, 5),
(651, 193, 15),
(652, 194, 2),
(653, 194, 5),
(654, 194, 15),
(655, 194, 16),
(656, 194, 14),
(657, 195, 2),
(658, 195, 5),
(659, 195, 15),
(660, 196, 2),
(661, 196, 5),
(662, 196, 15),
(663, 197, 2),
(664, 197, 5),
(665, 197, 15),
(666, 197, 16),
(667, 197, 14),
(668, 198, 2),
(669, 198, 5),
(670, 198, 15),
(671, 198, 16),
(672, 198, 14),
(673, 199, 2),
(674, 199, 5),
(675, 199, 15),
(676, 200, 2),
(677, 200, 5),
(678, 200, 15),
(679, 201, 2),
(680, 201, 5),
(681, 201, 15),
(682, 202, 2),
(683, 202, 5),
(684, 202, 15),
(685, 203, 2),
(686, 203, 5),
(687, 203, 15),
(688, 204, 2),
(689, 204, 5),
(690, 204, 15),
(691, 205, 2),
(692, 205, 5),
(693, 206, 2),
(694, 206, 5),
(695, 207, 2),
(696, 208, 2),
(697, 208, 5),
(698, 208, 15),
(699, 208, 16),
(700, 208, 14),
(701, 209, 2),
(702, 209, 5),
(703, 209, 15),
(704, 210, 2),
(705, 210, 5),
(706, 211, 2),
(707, 211, 5),
(708, 211, 15),
(709, 212, 2),
(710, 212, 5),
(711, 212, 15),
(712, 212, 16),
(713, 212, 14),
(714, 213, 2),
(715, 213, 5),
(716, 213, 2),
(717, 213, 5),
(718, 213, 15),
(719, 213, 16),
(720, 213, 17),
(721, 213, 14),
(722, 214, 2),
(723, 214, 5),
(724, 214, 15),
(725, 214, 16),
(726, 214, 17),
(727, 214, 14),
(728, 215, 2),
(729, 215, 5),
(730, 215, 15),
(731, 216, 2),
(732, 216, 5),
(733, 216, 15),
(734, 217, 2),
(735, 217, 5),
(736, 219, 2),
(737, 219, 5),
(738, 219, 15),
(739, 220, 2),
(740, 220, 5),
(741, 220, 15),
(742, 220, 16),
(743, 220, 17),
(744, 220, 14),
(745, 221, 2),
(746, 221, 5),
(747, 221, 15),
(748, 221, 14),
(749, 222, 2),
(750, 222, 5),
(751, 222, 15),
(752, 222, 16),
(753, 222, 14),
(754, 224, 2),
(755, 224, 5),
(756, 224, 15),
(757, 224, 16),
(758, 224, 14),
(759, 225, 2),
(760, 225, 5),
(761, 225, 15),
(762, 225, 16),
(763, 225, 14),
(764, 226, 2),
(765, 226, 5),
(766, 226, 15),
(767, 226, 16),
(768, 226, 17),
(769, 226, 14),
(770, 228, 2),
(771, 228, 5),
(772, 229, 2),
(773, 229, 5),
(774, 229, 15),
(775, 229, 14),
(776, 230, 2),
(777, 230, 5),
(778, 230, 14),
(779, 232, 2),
(780, 232, 5),
(781, 233, 2),
(782, 233, 5),
(783, 233, 15),
(784, 233, 14),
(785, 234, 2),
(786, 234, 5),
(787, 234, 15),
(788, 235, 2),
(789, 235, 5),
(790, 235, 15),
(791, 235, 16),
(792, 235, 17),
(793, 235, 14),
(794, 236, 2),
(795, 236, 5),
(796, 236, 15),
(797, 237, 2),
(798, 237, 5),
(799, 237, 15),
(800, 237, 14),
(801, 238, 2),
(802, 238, 5),
(803, 238, 15),
(804, 238, 16),
(805, 238, 17),
(806, 238, 14),
(807, 239, 2),
(808, 239, 5),
(809, 239, 15),
(810, 239, 16),
(811, 239, 17),
(812, 239, 14),
(813, 240, 2),
(814, 240, 5),
(815, 240, 38),
(816, 240, 39),
(817, 240, 40),
(818, 241, 2),
(819, 241, 5),
(820, 241, 15),
(821, 241, 2),
(822, 241, 5),
(823, 241, 15),
(824, 242, 2),
(825, 242, 5),
(826, 242, 15),
(827, 244, 2),
(828, 244, 5),
(829, 244, 15),
(830, 244, 14),
(831, 245, 2),
(832, 245, 5),
(833, 245, 15);

-- --------------------------------------------------------

--
-- Table structure for table `kelinci`
--

CREATE TABLE `kelinci` (
  `id_kelinci` int(11) NOT NULL,
  `id_user` int(11) NOT NULL,
  `id_ras` int(11) NOT NULL,
  `nama_kelinci` varchar(100) NOT NULL,
  `berat_badan` tinyint(4) NOT NULL,
  `jk` enum('jantan','betina') NOT NULL,
  `umur` tinyint(4) NOT NULL,
  `warna` varchar(50) NOT NULL
) ENGINE=InnoDB DEFAULT CHARSET=latin1;

--
-- Dumping data for table `kelinci`
--

INSERT INTO `kelinci` (`id_kelinci`, `id_user`, `id_ras`, `nama_kelinci`, `berat_badan`, `jk`, `umur`, `warna`) VALUES
(1, 1, 1, 'chubby', 4, 'jantan', 4, 'putih'),
(2, 1, 1, 'chubby', 3, 'jantan', 3, 'putih'),
(3, 1, 1, 'ghussion', 2, 'jantan', 3, 'putih'),
(4, 1, 1, 'jaguar', 3, 'jantan', 3, 'putih'),
(5, 1, 1, 'ghussion', 2, 'jantan', 4, 'putih'),
(6, 1, 1, 'chubby', 2, 'jantan', 3, 'hitam'),
(7, 1, 1, 'chubby', 3, 'jantan', 3, 'putih'),
(8, 1, 1, 'chubby', 2, 'jantan', 2, 'putih'),
(9, 1, 1, 'ghussion', 2, 'jantan', 3, 'putih'),
(10, 1, 1, 'chubby', 2, 'jantan', 2, 'putih'),
(11, 1, 1, 'chubby', 2, 'jantan', 2, 'putih'),
(12, 1, 1, 'chubby', 3, 'jantan', 2, 'hitam'),
(13, 1, 1, 'jaguar', 2, 'jantan', 2, 'hitam'),
(14, 1, 1, 'ghussion', 3, 'jantan', 3, 'hitam'),
(15, 2, 1, 'chubie', 1, 'jantan', 1, 'putih'),
(16, 3, 1, 'phony', 1, 'betina', 1, 'putih'),
(17, 1, 1, 'phony', 1, 'jantan', 1, 'putih'),
(18, 1, 1, 'poni', 1, 'betina', 1, 'putih'),
(19, 1, 1, 'phony', 1, 'betina', 1, 'putih'),
(20, 1, 1, 'phony', 1, 'jantan', 1, 'putih'),
(21, 1, 1, 'phony', 1, 'betina', 1, 'putih'),
(22, 1, 1, 'poni', 1, 'betina', 1, 'putih'),
(23, 1, 1, 'poni', 1, 'betina', 1, 'putih'),
(24, 1, 1, 'poni', 1, 'jantan', 1, 'putih'),
(25, 1, 1, 'poni', 1, 'betina', 1, 'putih'),
(26, 1, 1, 'poni', 1, 'jantan', 1, 'putih'),
(27, 1, 1, 'poni', 1, 'jantan', 1, 'putih'),
(28, 1, 1, 'poni', 1, 'jantan', 1, 'putih'),
(29, 1, 1, 'phony', 1, 'jantan', 1, 'putih'),
(30, 1, 1, 'phony', 1, 'jantan', 1, 'putih'),
(31, 1, 1, 'poni', 1, 'jantan', 1, 'putih'),
(32, 1, 1, 'poni', 1, 'jantan', 1, 'putih'),
(33, 1, 1, 'poni', 1, 'jantan', 1, 'putih'),
(34, 1, 1, 'poni', 1, 'jantan', 1, 'putih'),
(35, 1, 1, 'phony', 1, 'jantan', 1, 'putih'),
(36, 1, 1, 'poni', 1, 'jantan', 1, 'putih'),
(37, 1, 1, 'poni', 1, 'jantan', 1, 'putih'),
(38, 1, 1, 'poni', 1, 'jantan', 1, 'putih'),
(39, 1, 1, 'phony', 1, 'jantan', 1, 'putih'),
(40, 1, 1, 'phony', 1, 'jantan', 1, 'putih'),
(41, 4, 1, 'phony', 1, 'betina', 1, 'putih'),
(42, 1, 1, 'phony', 1, 'jantan', 1, 'putih'),
(43, 1, 1, 'phony', 1, 'jantan', 1, 'putih'),
(44, 5, 1, 'poni', 1, 'betina', 1, 'putih'),
(45, 6, 1, 'poni', 1, 'jantan', 1, 'putih'),
(46, 7, 1, 'phony', 1, 'jantan', 1, 'putih'),
(47, 8, 1, 'poni', 1, 'betina', 1, 'putih'),
(48, 9, 1, 'poni', 1, 'betina', 1, 'putih'),
(49, 10, 1, 'phony', 1, 'betina', 1, 'putih'),
(50, 11, 1, 'poni', 1, 'betina', 1, 'putih'),
(51, 12, 1, 'poni', 1, 'betina', 1, 'putih'),
(52, 13, 1, 'poni', 1, 'betina', 1, 'putih'),
(53, 14, 1, 'phony', 1, 'betina', 1, 'putih'),
(54, 15, 1, 'JCHJD', 1, 'betina', 1, 'putih'),
(55, 16, 1, 'poni', 1, 'betina', 1, 'putih'),
(56, 17, 1, 'phony', 1, 'betina', 1, 'putih'),
(57, 18, 1, 'poni', 1, 'betina', 1, 'putih'),
(58, 19, 1, 'FD', 1, 'betina', 1, 'putih'),
(59, 20, 1, 'SGH', 1, 'betina', 1, 'putih'),
(60, 21, 1, 'GFFG', 1, 'jantan', 1, 'putih'),
(61, 22, 1, 'JHJ', 1, 'betina', 1, 'putih'),
(62, 23, 1, 'poni', 1, 'betina', 1, 'putih'),
(63, 24, 1, 'phony', 1, 'betina', 1, 'putih'),
(64, 25, 1, 'gsha', 1, 'jantan', 1, 'putih'),
(65, 26, 1, 'hgj', 1, 'betina', 1, 'putih'),
(66, 27, 1, 'ffh', 1, 'betina', 1, 'putih'),
(67, 28, 1, 'vgj', 1, 'betina', 1, 'putih'),
(68, 1, 1, 'phony', 1, 'jantan', 1, 'putih'),
(69, 1, 1, 'poni', 1, 'jantan', 1, 'putih'),
(70, 29, 1, 'phony', 1, 'betina', 1, 'putih'),
(71, 1, 1, 'ginson', 1, 'jantan', 1, 'putih'),
(72, 1, 1, 'cg', 1, 'jantan', 1, 'putih'),
(73, 1, 1, 'xfdfg', 1, 'jantan', 1, 'putih'),
(74, 1, 1, 'fxf', 1, 'jantan', 1, 'putih'),
(75, 1, 1, 'hghg', 1, 'jantan', 1, 'putih'),
(76, 1, 1, 'vhh', 1, 'jantan', 1, 'putih'),
(77, 1, 1, 'hhj', 1, 'jantan', 1, 'putih'),
(78, 1, 1, 'dhhhj', 1, 'jantan', 1, 'putih'),
(79, 1, 1, 'chubbby', 1, 'jantan', 1, 'putih'),
(80, 1, 1, 'chubbby', 1, 'jantan', 1, 'putih'),
(81, 1, 1, 'chubie', 1, 'jantan', 1, 'putih'),
(82, 1, 1, 'chubie', 1, 'jantan', 1, 'putih'),
(83, 1, 1, 'chubbby', 1, 'jantan', 1, 'putih'),
(84, 1, 1, 'chubbie', 1, 'jantan', 1, 'putih'),
(85, 1, 1, 'poni', 1, 'betina', 1, 'putih'),
(86, 1, 1, 'chubbie', 1, 'betina', 2, 'putih'),
(87, 1, 1, 'poni', 1, 'jantan', 2, 'putih'),
(88, 1, 1, 'chubbie', 1, 'jantan', 2, 'putih'),
(89, 1, 1, 'phony', 1, 'jantan', 2, 'putih'),
(90, 1, 1, 'phony', 1, 'jantan', 2, 'putih'),
(91, 1, 1, 'phony', 1, 'jantan', 2, 'putih'),
(92, 1, 1, 'phony', 1, 'jantan', 1, 'putih'),
(93, 1, 1, 'phony', 1, 'jantan', 1, 'putih'),
(94, 1, 1, 'phony', 1, 'jantan', 1, 'putih'),
(95, 1, 1, 'chubbby', 1, 'jantan', 1, 'putih'),
(96, 1, 1, 'phony', 1, 'jantan', 2, 'putih'),
(97, 1, 1, 'chubbie', 1, 'betina', 2, 'putih'),
(98, 1, 1, 'chubbie', 1, 'jantan', 2, 'putih'),
(99, 1, 1, 'reth', 1, 'jantan', 2, 'putih'),
(100, 1, 1, 'poni', 1, 'jantan', 2, 'putih'),
(101, 1, 1, 'chubbby', 1, 'jantan', 2, 'putih'),
(102, 1, 1, 'phony', 1, 'jantan', 2, 'putih'),
(103, 1, 1, 'phony', 1, 'betina', 2, 'putih'),
(104, 1, 1, 'chubby', 1, 'jantan', 2, 'putih'),
(105, 1, 1, 'chubbby', 1, 'jantan', 1, 'putih'),
(106, 30, 1, 'chubby', 1, 'betina', 1, 'putih'),
(107, 1, 1, 'ss', 1, 'jantan', 1, 'putih'),
(108, 1, 1, 'gss', 1, 'jantan', 1, 'putih'),
(109, 1, 1, 'ghgh', 1, 'jantan', 1, 'putih'),
(110, 31, 1, 'hghh', 1, 'betina', 1, 'putih'),
(111, 32, 1, 'cghhh', 1, 'betina', 1, 'putih'),
(112, 1, 1, 'hfbj', 1, 'jantan', 1, 'putih'),
(113, 1, 1, 'xff', 1, 'jantan', 1, 'putih'),
(114, 1, 1, 'chubbby', 1, 'jantan', 1, 'putih'),
(115, 1, 1, 'chubbby', 1, 'jantan', 1, 'putih'),
(116, 1, 1, 'gggs', 1, 'jantan', 1, 'putih'),
(117, 1, 1, 'nssws', 1, 'jantan', 1, 'putih'),
(118, 1, 1, 'chubby', 1, 'jantan', 1, 'putih'),
(119, 1, 1, 'xsxs', 1, 'jantan', 1, 'putih'),
(120, 1, 1, 'hs', 1, 'jantan', 1, 'putih'),
(121, 1, 1, 'bsjaj', 11, 'jantan', 1, 'putih'),
(122, 1, 1, 'sjshjw', 1, 'jantan', 1, 'putih'),
(123, 1, 1, 'dff', 1, 'jantan', 1, 'putih'),
(124, 1, 1, 'sjshjw', 1, 'jantan', 1, 'putih'),
(125, 33, 1, 'haaj', 1, 'betina', 1, 'p'),
(126, 34, 1, 'nxjnsd', 1, '', 1, 'putih'),
(127, 35, 1, 'tftyu', 1, 'betina', 1, 'putih'),
(128, 1, 1, 'dde', 1, 'jantan', 1, 'putih'),
(129, 36, 1, 'sdsds', 1, 'betina', 1, 'putih'),
(130, 1, 1, 'hshs', 1, 'jantan', 1, 'putih'),
(131, 1, 1, 'gy', 1, 'jantan', 1, 'putih'),
(132, 1, 1, 'bsa', 1, 'jantan', 1, 'putih'),
(133, 1, 1, 'shs', 1, 'jantan', 1, 'putih'),
(134, 37, 1, 'bss', 1, 'betina', 1, 'putih'),
(135, 1, 1, 'fygu', 1, 'jantan', 1, 'putih'),
(136, 1, 1, 'dss', 1, 'jantan', 1, 'putih'),
(137, 1, 1, 'nbxsaxbs', 1, 'jantan', 1, 'putih'),
(138, 38, 1, 'sdsd', 1, 'betina', 1, 'putih'),
(139, 1, 1, 'sdsd', 1, 'jantan', 1, 'ddds'),
(140, 39, 1, 'sjns', 1, 'betina', 1, 'putih'),
(141, 40, 1, 'sbxsj', 1, 'betina', 1, 'putih'),
(142, 41, 1, 'ffd', 1, 'betina', 1, 'putih'),
(143, 42, 1, 'ffg', 1, 'betina', 1, 'putih'),
(144, 43, 1, 'cgfh', 1, 'jantan', 1, 'putih'),
(145, 44, 1, 'bjkx', 1, 'betina', 1, 'putih'),
(146, 45, 1, 'ghj', 1, 'betina', 1, 'putih'),
(147, 1, 1, 'ded', 1, 'jantan', 1, 'putih'),
(148, 1, 1, 'ssdsd', 1, 'jantan', 1, 'putih'),
(149, 1, 1, 'ssds', 1, 'jantan', 1, 'putih'),
(150, 1, 1, 'szxss', 1, 'jantan', 1, 'putih'),
(151, 1, 1, 'szxss', 1, 'jantan', 1, 'putih'),
(152, 1, 1, 'sdsdds', 1, 'jantan', 1, 'putih'),
(153, 1, 1, 'dsdd', 1, 'jantan', 1, 'putih'),
(154, 1, 1, 'asss', 1, 'jantan', 1, 'putih'),
(155, 1, 1, 'asss', 1, 'jantan', 1, 'putih'),
(156, 1, 1, 'chubbby', 1, 'jantan', 1, 'putih'),
(157, 1, 1, 'dcjds', 1, 'jantan', 0, 'putih'),
(158, 1, 1, 'fhgj', 1, 'jantan', 1, 'putih'),
(159, 1, 1, 'hhjj', 1, 'jantan', 1, 'putih'),
(160, 1, 1, 'hffghj', 1, 'jantan', 1, 'putih'),
(161, 1, 1, 'ghh', 1, 'jantan', 1, 'putih'),
(162, 1, 1, 'vcgv', 1, 'jantan', 1, 'putih'),
(163, 1, 1, 'fdh', 1, 'jantan', 1, 'putih'),
(164, 1, 1, 'cf', 1, 'jantan', 1, 'putih'),
(165, 1, 1, 'cgj', 1, 'jantan', 1, 'putih'),
(166, 1, 1, 'ggy', 1, 'jantan', 1, 'putih'),
(167, 1, 1, 'bzhazja', 1, 'jantan', 1, 'putih'),
(168, 1, 1, 'bxs', 1, 'jantan', 1, 'putih'),
(169, 1, 1, 'ftjh', 1, 'jantan', 1, 'putih'),
(170, 1, 1, 'fvvhv', 1, 'jantan', 1, 'putih'),
(171, 1, 1, 'fcfh', 1, 'jantan', 1, 'putih'),
(172, 1, 1, 'fdjj', 1, 'jantan', 1, 'putih'),
(173, 1, 1, 'chjh', 1, 'jantan', 1, 'putih'),
(174, 1, 1, 'bxsasb', 1, 'jantan', 1, 'putih'),
(175, 1, 1, 'dfdfs', 1, 'jantan', 1, 'putih'),
(176, 1, 1, 'cfgg', 1, 'jantan', 1, 'putih'),
(177, 1, 1, 'hdshs', 1, 'jantan', 1, 'putih'),
(178, 1, 1, 'hsghs', 1, 'jantan', 1, 'putih'),
(179, 1, 1, 'gzagshj', 1, 'jantan', 1, 'putih'),
(180, 1, 1, 'css', 1, 'jantan', 1, 'putih'),
(181, 1, 1, 'dwdwe', 1, 'jantan', 1, 'putih'),
(182, 1, 1, 'dsfdht', 1, 'jantan', 1, 'putih'),
(183, 46, 1, 'xssce', 1, 'betina', 1, 'putih'),
(184, 47, 1, 'dsdre', 1, 'betina', 1, 'putih'),
(185, 48, 1, 'sds', 1, 'betina', 1, 'putih'),
(186, 49, 1, 'zhaasj', 1, 'betina', 1, 'putih'),
(187, 50, 1, 'hsajask', 1, 'betina', 1, 'putih'),
(188, 51, 1, 'jxsjsj', 1, 'betina', 1, 'putih'),
(189, 52, 1, 'xcsccs', 1, 'betina', 1, 'putih'),
(190, 53, 1, 'hxs', 1, 'betina', 1, 'putih'),
(191, 54, 1, 'nxsjk', 1, 'betina', 1, 'putih'),
(192, 55, 1, 'hddhiew', 1, 'jantan', 1, 'putih'),
(193, 56, 1, 'hssja', 1, 'betina', 1, 'putih'),
(194, 57, 1, 'jsdks', 1, 'betina', 1, 'putih'),
(195, 58, 1, 'nbxj', 1, 'jantan', 1, 'putih'),
(196, 59, 1, 'dbshds', 1, 'betina', 1, 'putih'),
(197, 60, 1, 'hgwhsqw', 1, 'betina', 1, 'putih'),
(198, 61, 1, 'bzvxas', 1, 'betina', 1, 'putih'),
(199, 62, 1, 'bxhs', 1, 'betina', 1, 'putih'),
(200, 63, 1, 'xbsdj', 1, 'betina', 1, 'putih'),
(201, 64, 1, 'sxsk', 1, 'betina', 1, 'putih'),
(202, 65, 1, 'xbsaj', 1, 'betina', 1, 'putih'),
(203, 66, 1, 'sgsjak', 1, 'betina', 1, 'putih'),
(204, 67, 1, 'cxg', 1, 'betina', 1, 'putih'),
(205, 68, 1, 'ssjdh', 1, 'betina', 1, 'putih'),
(206, 1, 1, 'zgs', 1, 'jantan', 1, 'putih'),
(207, 1, 2, 'poni', 5, 'jantan', 6, 'putih'),
(208, 1, 2, 'chubie', 3, 'jantan', 4, 'cokelat'),
(209, 1, 1, 'r', 5, 'jantan', 4, 'ddds'),
(210, 69, 1, 'gssgwhw', 1, 'jantan', 1, 'putih'),
(211, 70, 1, 'ssjkhkd', 1, 'jantan', 1, 'putih'),
(212, 71, 1, 'bhsaxsa', 1, 'betina', 1, 'putih'),
(213, 1, 1, 'ashsa', 1, 'jantan', 1, 'putih'),
(214, 1, 1, 'nsjs', 1, 'jantan', 1, 'putih'),
(215, 1, 1, 'bhsbhs', 1, 'jantan', 1, 'putih'),
(216, 72, 1, 'ssahh', 1, 'jantan', 1, 'putih'),
(217, 1, 1, 'nsbxxsj', 1, 'jantan', 1, 'putih'),
(218, 1, 1, 'bxhss', 1, 'jantan', 1, 'putih'),
(219, 1, 1, 'sdsd', 1, 'jantan', 1, 'putih'),
(220, 1, 1, 'shgxsds', 1, 'jantan', 1, 'putih'),
(221, 1, 1, 'bsdkee', 1, 'jantan', 1, 'putih'),
(222, 73, 1, 'hhdhdgshd', 1, 'betina', 1, 'putih'),
(223, 74, 1, 'hxsdsed', 1, 'betina', 1, 'putih'),
(224, 75, 1, 'sde', 1, 'betina', 1, 'putih'),
(225, 76, 1, 'hxshhs', 1, 'betina', 1, 'putih'),
(226, 77, 1, 'bxsjs', 1, 'jantan', 1, 'putih'),
(227, 78, 1, 'bxasx', 1, 'betina', 1, 'putih'),
(228, 79, 1, 'ncjsdjds', 1, 'betina', 1, 'putih'),
(229, 80, 1, 'jxsjsj', 1, 'betina', 1, 'putih'),
(230, 81, 1, 'bsajd', 1, 'betina', 1, 'putih'),
(231, 82, 1, 'nsbsd', 1, 'betina', 1, 'putih'),
(232, 83, 1, 'bxhsaxas', 1, 'betina', 1, 'putih'),
(233, 84, 1, 'sbdhsd', 1, 'betina', 1, 'putih'),
(234, 85, 1, 'njkkk', 1, 'betina', 1, 'putih'),
(235, 86, 1, 'gwswsw', 1, 'betina', 1, 'putih'),
(236, 87, 1, 'vgyyy', 1, 'betina', 1, 'putih'),
(237, 88, 1, 'ggh', 1, 'betina', 1, 'putih'),
(238, 89, 1, 'gyb', 1, 'betina', 1, 'putih'),
(239, 90, 1, 'gswsh', 1, 'betina', 1, 'putih'),
(240, 91, 1, 'xbshxjs', 1, 'betina', 1, 'putih'),
(241, 1, 1, 'chubbie', 1, 'jantan', 1, 'cokelat'),
(242, 92, 1, 'chubie', 1, 'betina', 1, 'putih'),
(243, 1, 1, 'chubbby', 2, 'jantan', 6, 'putih'),
(244, 1, 1, 'chubbby', 1, 'jantan', 1, 'putih'),
(245, 1, 1, 'chjh', 1, 'jantan', 1, 'putih');

-- --------------------------------------------------------

--
-- Table structure for table `obat`
--

CREATE TABLE `obat` (
  `id_obat` int(11) NOT NULL,
  `id_penyakit` int(11) NOT NULL,
  `id_gejala` int(11) NOT NULL,
  `nama_obat` varchar(100) NOT NULL,
  `batas_umur` tinyint(4) NOT NULL,
  `aturan` text NOT NULL,
  `tindakan` text NOT NULL
) ENGINE=InnoDB DEFAULT CHARSET=latin1;

--
-- Dumping data for table `obat`
--

INSERT INTO `obat` (`id_obat`, `id_penyakit`, `id_gejala`, `nama_obat`, `batas_umur`, `aturan`, `tindakan`) VALUES
(1, 4, 1, 'wormectin', 2, '&#34;0,02 per kg berat badan', 'bawa ke klinik'),
(2, 1, 3, 'momilen', 2, 'oleskan ke tempat yang luka', 'rawat dirumah'),
(3, 2, 8, 'intracox oral', 2, '&#34;&#34;1 ml per 3.5 kg berat bdan', 'rawat di rumah'),
(4, 13, 52, 'intracox oral', 2, '1 ml per 3.5 berat badan', 'rawat dirumah'),
(5, 3, 11, 'oxylin', 2, '0.1 - 0.2 ml/kg berat kelinci', 'bawa ke klinik'),
(6, 5, 21, 'paranicol', 2, 'teteskan 2 kali dalam sehari', 'rawat di rumah'),
(7, 7, 28, 'bubuk belerang', 2, 'taburkan ke tempat yang berjamur', 'rawat dirumah'),
(8, 7, 28, 'bubuk belerang', 2, 'taburkan ke tempat yang berjamur', 'rawat dirumah'),
(9, 6, 1, 'iodium tinture', 2, 'oleskan ke bagian kulit yang terserang', 'rawat di rumah');

-- --------------------------------------------------------

--
-- Table structure for table `pencegahan`
--

CREATE TABLE `pencegahan` (
  `id_pencegahan` int(11) NOT NULL,
  `id_penyakit` int(11) NOT NULL,
  `id_gejala` int(11) NOT NULL,
  `nama_pencegahan` varchar(100) NOT NULL
) ENGINE=InnoDB DEFAULT CHARSET=latin1;

--
-- Dumping data for table `pencegahan`
--

INSERT INTO `pencegahan` (`id_pencegahan`, `id_penyakit`, `id_gejala`, `nama_pencegahan`) VALUES
(1, 4, 2, 'menjaga kebersihan kandang dan juga buang sisa-sisa makanan yang tersisa'),
(2, 4, 15, 'menjaga kebersihan kandang dan juga buang sisa-sisa makanan yang tersisa'),
(3, 2, 8, 'menjaga kebersihan kandang kelinci, sering membersihkan kotoran kelinci, sgera pisahkan jika ada kel'),
(4, 14, 60, 'membersihan andang dan mengusahakan kandang tetap kering'),
(5, 1, 3, 'menjaga kebersihan kandang, beri nutrisi yang baik pada pakan, cukup ruang bergerak dalam kandang da');

-- --------------------------------------------------------

--
-- Table structure for table `pengetahuan`
--

CREATE TABLE `pengetahuan` (
  `id_pengetahuan` int(11) NOT NULL,
  `id_penyakit` int(11) NOT NULL,
  `id_gejala` int(11) NOT NULL,
  `probabilitas` float NOT NULL,
  `nilai_mb` float NOT NULL,
  `nilai_md` float NOT NULL,
  `nilai_cf` float NOT NULL
) ENGINE=InnoDB DEFAULT CHARSET=latin1;

--
-- Dumping data for table `pengetahuan`
--

INSERT INTO `pengetahuan` (`id_pengetahuan`, `id_penyakit`, `id_gejala`, `probabilitas`, `nilai_mb`, `nilai_md`, `nilai_cf`) VALUES
(4, 1, 2, 0.4, 0, 0, 0),
(5, 1, 3, 0.4, 0.333, 0, 0.333),
(6, 1, 4, 0.4, 0.5, 0, 0.5),
(7, 2, 2, 0.4, 0, 0, 0),
(8, 2, 5, 0.4, 0, 0, 0),
(9, 2, 6, 0.4, 0.167, 0, 0.167),
(10, 2, 7, 0.4, 0.333, 0, 0.333),
(11, 2, 8, 0.4, 0.5, 0, 0.5),
(12, 3, 2, 0.4, 0, 0, 0),
(13, 3, 12, 0.4, 0, 0, 0),
(14, 3, 10, 0.4, 0.333, 0, 0.333),
(15, 3, 9, 0.4, 0.167, 0, 0.167),
(17, 3, 13, 0.4, 0.167, 0, 0.167),
(18, 4, 2, 0.4, 0, 0, 0),
(19, 4, 5, 0.4, 0, 0, 0),
(21, 4, 15, 0.4, 0.5, 0, 0.5),
(22, 4, 16, 0.4, 0.167, 0, 0.167),
(23, 4, 17, 0.4, 0.167, 0, 0.167),
(24, 5, 5, 0.4, 0, 0, 0),
(25, 5, 18, 0.4, 0, 0, 0),
(26, 5, 19, 0.4, 0.167, 0, 0.167),
(27, 5, 20, 0.4, 0.167, 0, 0.167),
(28, 5, 21, 0.4, 0.167, 0, 0.167),
(29, 5, 22, 0.4, 0.5, 0, 0.5),
(30, 6, 17, 0.4, 0.333, 0, 0.333),
(31, 6, 18, 0.4, 0.333, 0, 0.333),
(32, 6, 23, 0.4, 0.5, 0, 0.5),
(33, 6, 24, 0.4, 0.667, 0, 0.667),
(34, 6, 25, 0.4, 0.833, 0, 0.833),
(35, 7, 26, 0.4, 0.167, 0, 0.167),
(36, 7, 27, 0.4, 0.333, 0, 0.333),
(37, 7, 28, 0.4, 0.5, 0, 0.5),
(38, 8, 29, 0.4, 0.167, 0, 0.167),
(39, 8, 30, 0.4, 0.333, 0, 0.333),
(40, 8, 31, 0.4, 0.333, 0, 0.333),
(41, 8, 32, 0.4, 0.5, 0, 0.5),
(42, 9, 2, 0.4, 0, 0, 0),
(43, 9, 6, 0.4, 0, 0, 0),
(44, 9, 33, 0.4, 0, 0, 0),
(45, 9, 34, 0.4, 0.167, 0, 0.167),
(46, 9, 35, 0.4, 0.333, 0, 0.333),
(47, 9, 36, 0.4, 0.5, 0, 0.5),
(48, 9, 37, 0.4, 0.333, 0, 0.333),
(49, 10, 2, 0.4, 0, 0, 0),
(50, 10, 5, 0.4, 0, 0, 0),
(51, 10, 38, 0.4, 0.167, 0, 0.167),
(52, 10, 39, 0.4, 0.333, 0, 0.333),
(53, 10, 40, 0.4, 0.5, 0, 0.5),
(54, 11, 41, 0.4, 0.167, 0, 0.167),
(55, 11, 42, 0.4, 0.333, 0, 0.333),
(56, 11, 43, 0.4, 0.333, 0, 0.333),
(57, 11, 44, 0.4, 0.5, 0, 0.5),
(58, 12, 2, 0.4, 0, 0, 0),
(59, 12, 45, 0.4, 0.167, 0, 0.167),
(60, 12, 46, 0.4, 0.167, 0, 0.167),
(61, 12, 47, 0.4, 0.333, 0, 0.333),
(62, 12, 48, 0.4, 0.5, 0, 0.5),
(63, 13, 5, 0.4, 0, 0, 0),
(64, 13, 49, 0.4, 0, 0, 0),
(65, 13, 50, 0.4, 0, 0, 0),
(66, 13, 13, 0.4, 0.167, 0, 0.167),
(67, 13, 6, 0.4, 0, 0, 0),
(68, 13, 51, 0.4, 0.167, 0, 0.167),
(69, 13, 52, 0.4, 0.333, 0, 0.333),
(70, 13, 53, 0.4, 0, 0, 0),
(71, 13, 33, 0.4, 0, 0, 0),
(72, 14, 56, 0.4, 0, 0, 0),
(73, 14, 57, 0.4, 0, 0, 0),
(74, 14, 58, 0.4, 0, 0, 0),
(75, 14, 59, 0.4, 0.167, 0, 0.167),
(76, 14, 60, 0.4, 0.333, 0, 0.333),
(77, 14, 30, 0.4, 0.333, 0, 0.333),
(78, 14, 11, 0.4, 0.333, 0, 0.333),
(79, 14, 61, 0.4, 0, 0, 0),
(80, 15, 62, 0.4, 0, 0, 0),
(81, 15, 63, 0.4, 0.167, 0, 0.167),
(82, 15, 64, 0.4, 0, 0, 0),
(83, 15, 65, 0.4, 0.333, 0, 0.333),
(84, 15, 2, 0.4, 0, 0, 0),
(85, 15, 66, 0.4, 0.5, 0, 0.5),
(86, 1, 1, 0.4, 0.167, 0, 0.167),
(87, 3, 11, 0.4, 0.333, 0, 0.333),
(88, 13, 54, 0.4, 0.167, 0, 0.167),
(89, 13, 55, 0.4, 0, 0, 0),
(90, 4, 14, 0.4, 0.333, 0, 0.333);

-- --------------------------------------------------------

--
-- Table structure for table `penyakit`
--

CREATE TABLE `penyakit` (
  `id_penyakit` int(11) NOT NULL,
  `nama_penyakit` varchar(100) NOT NULL
) ENGINE=InnoDB DEFAULT CHARSET=latin1;

--
-- Dumping data for table `penyakit`
--

INSERT INTO `penyakit` (`id_penyakit`, `nama_penyakit`) VALUES
(1, 'mastitis ( radang ambing / susu )'),
(2, 'koksidiosis ( berak darah )'),
(3, 'pnemonia ( radang paru-paru )'),
(4, 'scabies'),
(5, 'radang telinga'),
(6, 'ringworn'),
(7, 'favus ( infeksi kulit kepala )'),
(8, 'radang mata'),
(9, 'cacingan'),
(10, 'malnutrisi'),
(11, 'hipocakemia'),
(12, 'kembung'),
(13, 'diare'),
(14, 'pilek'),
(15, 'sembelit');

-- --------------------------------------------------------

--
-- Table structure for table `ras`
--

CREATE TABLE `ras` (
  `id_ras` int(11) NOT NULL,
  `nama_ras` varchar(100) NOT NULL
) ENGINE=InnoDB DEFAULT CHARSET=latin1;

--
-- Dumping data for table `ras`
--

INSERT INTO `ras` (`id_ras`, `nama_ras`) VALUES
(1, 'mongolia'),
(2, 'angora'),
(3, 'raksasa flemish');

-- --------------------------------------------------------

--
-- Table structure for table `user`
--

CREATE TABLE `user` (
  `id_user` int(11) NOT NULL,
  `nama_depan` varchar(20) NOT NULL,
  `nama_belakang` varchar(20) NOT NULL,
  `jk` enum('laki-laki','perempuan') NOT NULL,
  `no_hp` varchar(12) NOT NULL,
  `email` varchar(100) NOT NULL,
  `alamat` varchar(255) NOT NULL,
  `username` varchar(30) NOT NULL,
  `password` varchar(100) NOT NULL,
  `poto` text NOT NULL
) ENGINE=InnoDB DEFAULT CHARSET=latin1;

--
-- Dumping data for table `user`
--

INSERT INTO `user` (`id_user`, `nama_depan`, `nama_belakang`, `jk`, `no_hp`, `email`, `alamat`, `username`, `password`, `poto`) VALUES
(1, 'lela', 'ria lestari', 'perempuan', '98789788978', 'akun.chatomz@gmail.com', 'jl bandung', 'lela', '$2y$10$2bB9Y9cUbHycT/xJzFvxkuaeh4jYRD/NY43p7v2MrvzJpB.u6Tud2', '_DSC0327.jpg'),
(2, 'Sasa', 'sisi', 'laki-laki', '089876543212', '', 'sasasa', '', '', ''),
(3, 'sasa', 'sasi', 'laki-laki', '082345654321', '', 'najzx', '', '', ''),
(4, 'sasa', 'Sisi', 'laki-laki', '087654321234', '', 'Cisarua', '', '', ''),
(5, 'sasa', 'Sisi', 'laki-laki', '087654321234', '', 'chj', '', '', ''),
(6, 'sasa', 'Sisi', 'laki-laki', '087654321234', '', 'chj', '', '', ''),
(7, 'Sasa', 'sisi', 'laki-laki', '087654321234', '', 'gfh', '', '', ''),
(8, 'sasa', 'sasi', 'laki-laki', '089876543212', '', 'cghh', '', '', ''),
(9, 'eer', 'ff', 'laki-laki', '082345654321', '', 'vdrtt', '', '', ''),
(10, 'siti', 'sssq', 'laki-laki', '089876543212', '', 'hjs', '', '', ''),
(11, 'seli', 'sela', 'laki-laki', '087654321234', '', 'ghgu', '', '', ''),
(12, 'Sasa', 'sisi', 'laki-laki', '087654321234', '', 'sasas', '', '', ''),
(13, 'asa', 'assa', 'laki-laki', '087654321234', '', 'AAXASXA', '', '', ''),
(14, 'GG', 'CG', 'laki-laki', '087654321234', '', 'CGH', '', '', ''),
(15, 'HDJD', 'BJDCD', 'laki-laki', '087654321234', '', 'VDSH', '', '', ''),
(16, 'FTH', 'CG', 'laki-laki', '087654321234', '', 'DFD', '', '', ''),
(17, 'DDF', 'BB', 'laki-laki', '082345654321', '', 'CXS', '', '', ''),
(18, 'FFFH', 'CHGH', 'laki-laki', '082345654321', '', 'CGH', '', '', ''),
(19, 'CGG', 'DF', 'laki-laki', '089876543212', '', 'GY', '', '', ''),
(20, 'ZG', 'DT', 'laki-laki', '089876543212', '', 'XYJ', '', '', ''),
(21, 'GV', 'GF', 'laki-laki', '087654321234', '', 'HGHHJ', '', '', ''),
(22, 'CGF', 'GH', 'laki-laki', '087654321234', '', 'HGHGH', '', '', ''),
(23, 'nida', 'jhhj', 'laki-laki', '087654321234', '', 'ggxhssk', '', '', ''),
(24, 'lela', 'ghj', 'laki-laki', '082345671123', '', 'vhghjjjh', '', '', ''),
(25, 'hsghs', 'xshg', 'laki-laki', '087654321234', '', 'hjwhueu', '', '', ''),
(26, 'dffy', 'vhgu', 'laki-laki', '087654321234', '', 'fjk', '', '', ''),
(27, 'fgfh', 'thf', 'laki-laki', '087654321234', '', 'fgf', '', '', ''),
(28, 'GV', 'cgg', 'laki-laki', '082345654321', '', 'bhbj', '', '', ''),
(29, 'ghg', 'GF', 'laki-laki', '082345654321', '', 'cgfhg', '', '', ''),
(30, 'xssx', 'sssq', 'laki-laki', '089876543212', '', 'sss', '', '', ''),
(31, 'gfh', 'fcg', 'laki-laki', '082345671123', '', 'hvhgh', '', '', ''),
(32, 'ddtt', 'ghg', 'laki-laki', '087654321234', '', 'bjbjk', '', '', ''),
(33, 'shxs', 'bxhsx', 'laki-laki', '08211345781', '', 'vsxshhsxbshxs', '', '', ''),
(34, 'xcsdcds', 'dcdscdcdc', 'laki-laki', '08211345781', '', 'cdc', '', '', ''),
(35, 'fgfhg', 'xxft', 'laki-laki', '08211345781', '', 'dtyty', '', '', ''),
(36, 'sdsfds', 'dff', 'laki-laki', '087654321234', '', 'fdff', '', '', ''),
(37, 'dc', 'dfrf', 'laki-laki', '087654321234', '', 'sxhss', '', '', ''),
(38, 'sdsfds', 'ssds', 'laki-laki', '087654321234', '', 'sdsa', '', '', ''),
(39, 'ssdd', 'sds', 'laki-laki', '082345654321', '', 'sdsd', '', '', ''),
(40, 'bsbxjhsx', 'bxhs', 'laki-laki', '082345654321', '', 'nxjsx', '', '', ''),
(41, 'dffy', 'ffv', 'laki-laki', '082345654321', '', 'ffrfrrre', '', '', ''),
(42, 'vhj', 'gtfy', 'laki-laki', '087654321234', '', 'ghj', '', '', ''),
(43, 'hjj', 'xf', 'laki-laki', '082345654321', '', 'vhhgh', '', '', ''),
(44, 'hgsxhsj', 'vsxhsaj', 'laki-laki', '082345654321', '', 'ashdgsdd', '', '', ''),
(45, 'vhgj', 'bjj', 'laki-laki', '082345654321', '', 'bbb', '', '', ''),
(46, 'dsds', 'sssde', 'laki-laki', '08211345781', '', 'sddwefer', '', '', ''),
(47, 'sddw', 'dfdfr', 'laki-laki', '08211345781', '', 'dedeer', '', '', ''),
(48, 'dsdsd', 'vdfd', 'laki-laki', '08211345781', '', 'frgtgr', '', '', ''),
(49, 'xhasjxa', 'xghasj', 'laki-laki', '08211345781', '', 'bsvshdj', '', '', ''),
(50, 'shasj', 'bss', 'laki-laki', '082345671123', '', 'bsxsaj', '', '', ''),
(51, 'snxsjh', 'sshh', 'laki-laki', '082345654321', '', 'nbxjsj', '', '', ''),
(52, 'scsdc', 'dscsd', 'laki-laki', '087654321234', '', 'dccsd', '', '', ''),
(53, 'hbxskj', 'bnxvhsh', 'laki-laki', '082345654321', '', 'sxjs', '', '', ''),
(54, 'sxbs', 'js', 'laki-laki', '087654321234', '', 'jsjxs', '', '', ''),
(55, 'hgsdu', 'hsgsu', 'laki-laki', '08211345781', '', 'snxsk', '', '', ''),
(56, 'sxsah', 'bsdjsd', 'laki-laki', '087654321234', '', 'nsjxsk', '', '', ''),
(57, 'skask', 'sjs', 'laki-laki', '087654321234', '', 'nsbas', '', '', ''),
(58, 'sbxjs', 'bxjsk', 'laki-laki', '082345671123', '', 'nsxsk', '', '', ''),
(59, 'xchs', 'cbsdh', 'laki-laki', '087654321234', '', 'sbdshdj', '', '', ''),
(60, 'hhs', 'dhsgs', 'laki-laki', '082345654321', '', 'cdh', '', '', ''),
(61, 'sahx', 'bsvhxaj', 'laki-laki', '082123432123', '', 'sxs', '', '', ''),
(62, 'shasj', 'bshj', 'laki-laki', '082345671123', '', 'xasbjsa', '', '', ''),
(63, 'nbdcud', 'bdh', 'laki-laki', '087654321234', '', 'jdhedhcei', '', '', ''),
(64, 'hsxas', 'sxs', 'laki-laki', '087654321234', '', 'sxsxs', '', '', ''),
(65, 'xsvxhs', 'bsvxhs', 'laki-laki', '082345654321', '', 'sxsa', '', '', ''),
(66, 'gayys', 'sgsu', 'laki-laki', '082345654321', '', 'sxsss', '', '', ''),
(67, 'fb', 'fyb', 'laki-laki', '082345654321', '', 'cghn', '', '', ''),
(68, 'shdsh', 'ssgd', 'laki-laki', '087654321234', '', 'dhgjj', '', '', ''),
(69, 'bhdhe', 'bdhd', 'laki-laki', '082345671123', '', '', '', '', ''),
(70, 'bdhdj', 'bdcd', 'laki-laki', '087654321234', '', 'wn whd', '', '', ''),
(71, 'nbsjsj', 'ddd', 'laki-laki', '082345654321', '', 'awdwwde', '', '', ''),
(72, 'vdhdh', 'shd', 'laki-laki', '087654321234', '', 'bwsjdwje', '', '', ''),
(73, 'ssygd', 'vsdgy', 'laki-laki', '087654321234', '', 'bvdshde', '', '', ''),
(74, 'dfrre', 'rrere', 'laki-laki', '082345654321', '', 'dwdew', '', '', ''),
(75, 'ssdd', 'sdsd', 'laki-laki', '087654321234', '', 'shsdsdu', '', '', ''),
(76, 'ssh', 'shs', 'laki-laki', '087654321234', '', 'dsdsf', '', '', ''),
(77, 'nbssj', 'nbsdjsd', 'laki-laki', '087654321234', '', 'bhsjs', '', '', ''),
(78, 'hsxbs', 'bsxs', 'laki-laki', '089876543212', '', 'bshxsh', '', '', ''),
(79, 'sjnsd', 'ssdh', 'laki-laki', '087654321234', '', 'hxsa', '', '', ''),
(80, 'ssh', 'bxsxs', 'laki-laki', '089876543212', '', 'jznjasxks', '', '', ''),
(81, 'shdsd', 'hsdhh', 'laki-laki', '089876543212', '', 'sbdde', '', '', ''),
(82, 'ndd', 'jcjdd', 'laki-laki', '087654321234', '', 'dberref', '', '', ''),
(83, 'bhs', 'cbdss', 'laki-laki', '087654321234', '', 'dccsdc', '', '', ''),
(84, 'bshds', 'bvsdh', 'laki-laki', '089876543212', '', 'n ssdjjdde', '', '', ''),
(85, 'gshh', 'ssgs', 'laki-laki', '089876543212', '', 'bsvdde', '', '', ''),
(86, 'svhdee', 'vxsgd', 'laki-laki', '089876543212', '', 'bshddesjd', '', '', ''),
(87, 'ftftf', 'cf', 'laki-laki', '087654321234', '', 'vgyg', '', '', ''),
(88, 'chgh', 'gg', 'laki-laki', '082345654321', '', 'ccf', '', '', ''),
(89, 'vcgg', 'hbh', 'laki-laki', '087654321234', '', 'vhhb', '', '', ''),
(90, 'bsbhsj', 'nxbsxs', 'laki-laki', '089876543212', '', 'snx bs', '', '', ''),
(91, 'hxhds', 'hbhhsd', 'laki-laki', '087654321234', '', 'xmsxs', '', '', ''),
(92, 'lela', 'lestari', 'laki-laki', '', '', 'cisarua', '', '', '');

--
-- Indexes for dumped tables
--

--
-- Indexes for table `admin`
--
ALTER TABLE `admin`
  ADD PRIMARY KEY (`id_admin`);

--
-- Indexes for table `detail_diagnosa`
--
ALTER TABLE `detail_diagnosa`
  ADD PRIMARY KEY (`id_detail_diagnosa`),
  ADD KEY `id_diagnosa` (`id_diagnosa`),
  ADD KEY `id_gejala` (`id_gejala`);

--
-- Indexes for table `diagnosa`
--
ALTER TABLE `diagnosa`
  ADD PRIMARY KEY (`id_diagnosa`),
  ADD KEY `kelinci diagnosa` (`id_kelinci`),
  ADD KEY `id_user` (`id_user`);

--
-- Indexes for table `gejala`
--
ALTER TABLE `gejala`
  ADD PRIMARY KEY (`id_gejala`);

--
-- Indexes for table `hasil_diagnosa`
--
ALTER TABLE `hasil_diagnosa`
  ADD PRIMARY KEY (`id_hasil_diagnosa`),
  ADD KEY `id_gejala` (`id_gejala`),
  ADD KEY `id_diagnosa` (`id_diagnosa`);

--
-- Indexes for table `kelinci`
--
ALTER TABLE `kelinci`
  ADD PRIMARY KEY (`id_kelinci`),
  ADD KEY `id_pengguna` (`id_user`),
  ADD KEY `id_ras` (`id_ras`);

--
-- Indexes for table `obat`
--
ALTER TABLE `obat`
  ADD PRIMARY KEY (`id_obat`),
  ADD KEY `id_penyakit` (`id_penyakit`),
  ADD KEY `id_gejala` (`id_gejala`);

--
-- Indexes for table `pencegahan`
--
ALTER TABLE `pencegahan`
  ADD PRIMARY KEY (`id_pencegahan`),
  ADD KEY `id_penyakit` (`id_penyakit`),
  ADD KEY `id_gejala` (`id_gejala`);

--
-- Indexes for table `pengetahuan`
--
ALTER TABLE `pengetahuan`
  ADD PRIMARY KEY (`id_pengetahuan`),
  ADD KEY `id_penyakit` (`id_penyakit`),
  ADD KEY `id_gejala` (`id_gejala`);

--
-- Indexes for table `penyakit`
--
ALTER TABLE `penyakit`
  ADD PRIMARY KEY (`id_penyakit`);

--
-- Indexes for table `ras`
--
ALTER TABLE `ras`
  ADD PRIMARY KEY (`id_ras`);

--
-- Indexes for table `user`
--
ALTER TABLE `user`
  ADD PRIMARY KEY (`id_user`);

--
-- AUTO_INCREMENT for dumped tables
--

--
-- AUTO_INCREMENT for table `admin`
--
ALTER TABLE `admin`
  MODIFY `id_admin` tinyint(4) NOT NULL AUTO_INCREMENT, AUTO_INCREMENT=3;

--
-- AUTO_INCREMENT for table `detail_diagnosa`
--
ALTER TABLE `detail_diagnosa`
  MODIFY `id_detail_diagnosa` int(11) NOT NULL AUTO_INCREMENT, AUTO_INCREMENT=1205;

--
-- AUTO_INCREMENT for table `diagnosa`
--
ALTER TABLE `diagnosa`
  MODIFY `id_diagnosa` int(11) NOT NULL AUTO_INCREMENT, AUTO_INCREMENT=246;

--
-- AUTO_INCREMENT for table `gejala`
--
ALTER TABLE `gejala`
  MODIFY `id_gejala` int(11) NOT NULL AUTO_INCREMENT, AUTO_INCREMENT=67;

--
-- AUTO_INCREMENT for table `hasil_diagnosa`
--
ALTER TABLE `hasil_diagnosa`
  MODIFY `id_hasil_diagnosa` int(11) NOT NULL AUTO_INCREMENT, AUTO_INCREMENT=834;

--
-- AUTO_INCREMENT for table `kelinci`
--
ALTER TABLE `kelinci`
  MODIFY `id_kelinci` int(11) NOT NULL AUTO_INCREMENT, AUTO_INCREMENT=246;

--
-- AUTO_INCREMENT for table `obat`
--
ALTER TABLE `obat`
  MODIFY `id_obat` int(11) NOT NULL AUTO_INCREMENT, AUTO_INCREMENT=10;

--
-- AUTO_INCREMENT for table `pencegahan`
--
ALTER TABLE `pencegahan`
  MODIFY `id_pencegahan` int(11) NOT NULL AUTO_INCREMENT, AUTO_INCREMENT=6;

--
-- AUTO_INCREMENT for table `pengetahuan`
--
ALTER TABLE `pengetahuan`
  MODIFY `id_pengetahuan` int(11) NOT NULL AUTO_INCREMENT, AUTO_INCREMENT=91;

--
-- AUTO_INCREMENT for table `penyakit`
--
ALTER TABLE `penyakit`
  MODIFY `id_penyakit` int(11) NOT NULL AUTO_INCREMENT, AUTO_INCREMENT=16;

--
-- AUTO_INCREMENT for table `ras`
--
ALTER TABLE `ras`
  MODIFY `id_ras` int(11) NOT NULL AUTO_INCREMENT, AUTO_INCREMENT=4;

--
-- AUTO_INCREMENT for table `user`
--
ALTER TABLE `user`
  MODIFY `id_user` int(11) NOT NULL AUTO_INCREMENT, AUTO_INCREMENT=93;

--
-- Constraints for dumped tables
--

--
-- Constraints for table `detail_diagnosa`
--
ALTER TABLE `detail_diagnosa`
  ADD CONSTRAINT `detail diagnosa` FOREIGN KEY (`id_diagnosa`) REFERENCES `diagnosa` (`id_diagnosa`) ON DELETE CASCADE ON UPDATE CASCADE,
  ADD CONSTRAINT `detail gejala` FOREIGN KEY (`id_gejala`) REFERENCES `gejala` (`id_gejala`) ON DELETE CASCADE ON UPDATE CASCADE;

--
-- Constraints for table `diagnosa`
--
ALTER TABLE `diagnosa`
  ADD CONSTRAINT `diagnosa user` FOREIGN KEY (`id_user`) REFERENCES `user` (`id_user`) ON DELETE CASCADE ON UPDATE CASCADE,
  ADD CONSTRAINT `kelinci diagnosa` FOREIGN KEY (`id_kelinci`) REFERENCES `kelinci` (`id_kelinci`) ON DELETE CASCADE ON UPDATE CASCADE;

--
-- Constraints for table `hasil_diagnosa`
--
ALTER TABLE `hasil_diagnosa`
  ADD CONSTRAINT `hasil diagnosa` FOREIGN KEY (`id_diagnosa`) REFERENCES `diagnosa` (`id_diagnosa`) ON DELETE CASCADE ON UPDATE CASCADE;

--
-- Constraints for table `kelinci`
--
ALTER TABLE `kelinci`
  ADD CONSTRAINT `kelinci ras` FOREIGN KEY (`id_ras`) REFERENCES `ras` (`id_ras`) ON DELETE CASCADE ON UPDATE CASCADE,
  ADD CONSTRAINT `kelinci user` FOREIGN KEY (`id_user`) REFERENCES `user` (`id_user`) ON DELETE CASCADE ON UPDATE CASCADE;

--
-- Constraints for table `obat`
--
ALTER TABLE `obat`
  ADD CONSTRAINT `obat gejala` FOREIGN KEY (`id_gejala`) REFERENCES `gejala` (`id_gejala`) ON DELETE CASCADE ON UPDATE CASCADE,
  ADD CONSTRAINT `obat penyakit` FOREIGN KEY (`id_penyakit`) REFERENCES `penyakit` (`id_penyakit`) ON DELETE CASCADE ON UPDATE CASCADE;

--
-- Constraints for table `pencegahan`
--
ALTER TABLE `pencegahan`
  ADD CONSTRAINT `pencegahan gejala` FOREIGN KEY (`id_gejala`) REFERENCES `gejala` (`id_gejala`) ON DELETE CASCADE ON UPDATE CASCADE,
  ADD CONSTRAINT `pencegahan penyakit` FOREIGN KEY (`id_penyakit`) REFERENCES `penyakit` (`id_penyakit`) ON DELETE CASCADE ON UPDATE CASCADE;

--
-- Constraints for table `pengetahuan`
--
ALTER TABLE `pengetahuan`
  ADD CONSTRAINT `pengetahuan gejala` FOREIGN KEY (`id_gejala`) REFERENCES `gejala` (`id_gejala`) ON DELETE CASCADE ON UPDATE CASCADE,
  ADD CONSTRAINT `pengetahuan penyakit` FOREIGN KEY (`id_penyakit`) REFERENCES `penyakit` (`id_penyakit`) ON DELETE CASCADE ON UPDATE CASCADE;
COMMIT;

/*!40101 SET CHARACTER_SET_CLIENT=@OLD_CHARACTER_SET_CLIENT */;
/*!40101 SET CHARACTER_SET_RESULTS=@OLD_CHARACTER_SET_RESULTS */;
/*!40101 SET COLLATION_CONNECTION=@OLD_COLLATION_CONNECTION */;
